,team code, game_date, game_number, mlb id, player name, batting order, confirmed, position, weather
0,ATL,3/31/2024,1,660670,Ronald Acuna,1,Y,RF,60 N LR 5-10 7% outdoor
1,ATL,3/31/2024,1,645277,Ozzie Albies,2,Y,2B,60 N LR 5-10 7% outdoor
2,ATL,3/31/2024,1,663586,Austin Riley,3,Y,3B,60 N LR 5-10 7% outdoor
3,ATL,3/31/2024,1,621566,Matt Olson,4,Y,1B,60 N LR 5-10 7% outdoor
4,ATL,3/31/2024,1,542303,Marcell Ozuna,5,Y,DH,60 N LR 5-10 7% outdoor
5,ATL,3/31/2024,1,594807,Adam Duvall,6,Y,LF,60 N LR 5-10 7% outdoor
6,ATL,3/31/2024,1,671739,Michael Harris,7,Y,CF,60 N LR 5-10 7% outdoor
7,ATL,3/31/2024,1,606115,Orlando Arcia,8,Y,SS,60 N LR 5-10 7% outdoor
8,ATL,3/31/2024,1,644433,Chad Tromp,9,Y,C,60 N LR 5-10 7% outdoor
9,ATL,3/31/2024,1,519242,Chris Sale,SP,Y,,60 N LR 5-10 7% outdoor
10,PHI,3/31/2024,1,656941,Kyle Schwarber,1,Y,DH,60 N LR 5-10 7% outdoor
11,PHI,3/31/2024,1,607208,Trea Turner,2,Y,SS,60 N LR 5-10 7% outdoor
12,PHI,3/31/2024,1,664761,Alec Bohm,3,Y,1B,60 N LR 5-10 7% outdoor
13,PHI,3/31/2024,1,592663,JT Realmuto,4,Y,C,60 N LR 5-10 7% outdoor
14,PHI,3/31/2024,1,592206,Nick Castellanos,5,Y,RF,60 N LR 5-10 7% outdoor
15,PHI,3/31/2024,1,593160,Whit Merrifield,6,Y,2B,60 N LR 5-10 7% outdoor
16,PHI,3/31/2024,1,624641,Edmundo Sosa,7,Y,3B,60 N LR 5-10 7% outdoor
17,PHI,3/31/2024,1,665506,Cristian Pache,8,Y,LF,60 N LR 5-10 7% outdoor
18,PHI,3/31/2024,1,679032,Johan Rojas,9,Y,CF,60 N LR 5-10 7% outdoor
19,PHI,3/31/2024,1,624133,Ranger Suarez,SP,Y,,60 N LR 5-10 7% outdoor
20,LAA,3/31/2024,1,543685,Anthony Rendon,1,Y,DH,65 I CF 3-5 23% outdoor
21,LAA,3/31/2024,1,694384,Nolan Schanuel,2,Y,1B,65 I CF 3-5 23% outdoor
22,LAA,3/31/2024,1,545361,Mike Trout,3,Y,CF,65 I CF 3-5 23% outdoor
23,LAA,3/31/2024,1,621493,Taylor Ward,4,Y,LF,65 I CF 3-5 23% outdoor
24,LAA,3/31/2024,1,592273,Brandon Drury,5,Y,2B,65 I CF 3-5 23% outdoor
25,LAA,3/31/2024,1,650859,Luis Rengifo,6,Y,3B,65 I CF 3-5 23% outdoor
26,LAA,3/31/2024,1,681351,Logan O'Hoppe,7,Y,C,65 I CF 3-5 23% outdoor
27,LAA,3/31/2024,1,666176,Jo Adell,8,Y,RF,65 I CF 3-5 23% outdoor
28,LAA,3/31/2024,1,687263,Zach Neto,9,Y,SS,65 I CF 3-5 23% outdoor
29,LAA,3/31/2024,1,672282,Reid Detmers,SP,Y,,65 I CF 3-5 23% outdoor
30,BAL,3/31/2024,1,683002,Gunnar Henderson,1,Y,SS,65 I CF 3-5 23% outdoor
31,BAL,3/31/2024,1,668939,Adley Rutschman,2,Y,DH,65 I CF 3-5 23% outdoor
32,BAL,3/31/2024,1,663624,Ryan Mountcastle,3,Y,1B,65 I CF 3-5 23% outdoor
33,BAL,3/31/2024,1,623993,Anthony Santander,4,Y,RF,65 I CF 3-5 23% outdoor
34,BAL,3/31/2024,1,669720,Austin Hays,5,Y,LF,65 I CF 3-5 23% outdoor
35,BAL,3/31/2024,1,676059,Jordan Westburg,6,Y,3B,65 I CF 3-5 23% outdoor
36,BAL,3/31/2024,1,656775,Cedric Mullins,7,Y,CF,65 I CF 3-5 23% outdoor
37,BAL,3/31/2024,1,543510,James McCann,8,Y,C,65 I CF 3-5 23% outdoor
38,BAL,3/31/2024,1,622761,Jorge Mateo,9,Y,2B,65 I CF 3-5 23% outdoor
39,BAL,3/31/2024,1,669330,Tyler Wells,SP,Y,,65 I CF 3-5 23% outdoor
40,PIT,3/31/2024,1,656582,Connor Joe,1,Y,LF,76 N LR 7-9 0%  retractable
41,PIT,3/31/2024,1,668804,Bryan Reynolds,2,Y,DH,76 N LR 7-9 0%  retractable
42,PIT,3/31/2024,1,663647,Ke'Bryan Hayes,3,Y,3B,76 N LR 7-9 0%  retractable
43,PIT,3/31/2024,1,658668,Edward Olivares,4,Y,RF,76 N LR 7-9 0%  retractable
44,PIT,3/31/2024,1,669261,Jack Suwinski,5,Y,CF,76 N LR 7-9 0%  retractable
45,PIT,3/31/2024,1,669707,Jared Triolo,6,Y,2B,76 N LR 7-9 0%  retractable
46,PIT,3/31/2024,1,642133,Rowdy Tellez,7,Y,1B,76 N LR 7-9 0%  retractable
47,PIT,3/31/2024,1,675961,Alika Williams,8,Y,SS,76 N LR 7-9 0%  retractable
48,PIT,3/31/2024,1,641511,Jason Delay,9,Y,C,76 N LR 7-9 0%  retractable
49,PIT,3/31/2024,1,663559,Bailey Falter,SP,Y,,76 N LR 7-9 0%  retractable
50,MIA,3/31/2024,1,650333,Luis Arraez,1,Y,2B,76 N LR 7-9 0%  retractable
51,MIA,3/31/2024,1,605137,Josh Bell,2,Y,DH,76 N LR 7-9 0%  retractable
52,MIA,3/31/2024,1,669394,Jake Burger,3,Y,1B,76 N LR 7-9 0%  retractable
53,MIA,3/31/2024,1,650559,Bryan De La Cruz,4,Y,LF,76 N LR 7-9 0%  retractable
54,MIA,3/31/2024,1,665862,Jazz Chisholm,5,Y,CF,76 N LR 7-9 0%  retractable
55,MIA,3/31/2024,1,641313,Tim Anderson,6,Y,SS,76 N LR 7-9 0%  retractable
56,MIA,3/31/2024,1,541645,Avisail Garcia,7,Y,RF,76 N LR 7-9 0%  retractable
57,MIA,3/31/2024,1,663743,Nicholas Fortes,8,Y,C,76 N LR 7-9 0%  retractable
58,MIA,3/31/2024,1,660644,Vidal Brujan,9,Y,3B,76 N LR 7-9 0%  retractable
59,MIA,3/31/2024,1,669432,Trevor Rogers,SP,Y,,76 N LR 7-9 0%  retractable
60,MIL,3/31/2024,1,686217,Sal Frelick,1,Y,CF,59 N LR 8-12 2% outdoor
61,MIL,3/31/2024,1,661388,William Contreras,2,Y,C,59 N LR 8-12 2% outdoor
62,MIL,3/31/2024,1,592885,Christian Yelich,3,Y,LF,59 N LR 8-12 2% outdoor
63,MIL,3/31/2024,1,642715,Willy Adames,4,Y,SS,59 N LR 8-12 2% outdoor
64,MIL,3/31/2024,1,686554,Oliver Dunn,5,Y,DH,59 N LR 8-12 2% outdoor
65,MIL,3/31/2024,1,656555,Rhys Hoskins,6,Y,1B,59 N LR 8-12 2% outdoor
66,MIL,3/31/2024,1,687401,Joey Ortiz,7,Y,3B,59 N LR 8-12 2% outdoor
67,MIL,3/31/2024,1,668930,Brice Turang,8,Y,2B,59 N LR 8-12 2% outdoor
68,MIL,3/31/2024,1,694192,Jackson Chourio,9,Y,RF,59 N LR 8-12 2% outdoor
69,MIL,3/31/2024,1,607067,Colin Rea,SP,Y,,59 N LR 8-12 2% outdoor
70,NYM,3/31/2024,1,607043,Brandon Nimmo,1,Y,LF,59 N LR 8-12 2% outdoor
71,NYM,3/31/2024,1,596019,Francisco Lindor,2,Y,SS,59 N LR 8-12 2% outdoor
72,NYM,3/31/2024,1,624413,Peter Alonso,3,Y,1B,59 N LR 8-12 2% outdoor
73,NYM,3/31/2024,1,643446,Jeff McNeil,4,Y,2B,59 N LR 8-12 2% outdoor
74,NYM,3/31/2024,1,516782,Starling Marte,5,Y,RF,59 N LR 8-12 2% outdoor
75,NYM,3/31/2024,1,682626,Francisco Alvarez,6,Y,DH,59 N LR 8-12 2% outdoor
76,NYM,3/31/2024,1,683146,Brett Baty,7,Y,3B,59 N LR 8-12 2% outdoor
77,NYM,3/31/2024,1,621438,Tyrone Taylor,8,Y,CF,59 N LR 8-12 2% outdoor
78,NYM,3/31/2024,1,553882,Omar Narvaez,9,Y,C,59 N LR 8-12 2% outdoor
79,NYM,3/31/2024,1,656731,Tylor Megill,SP,Y,,59 N LR 8-12 2% outdoor
80,WAS,3/31/2024,1,682928,CJ Abrams,1,Y,SS,62 I RF 3-5 72% outdoor
81,WAS,3/31/2024,1,657041,Lane Thomas,2,Y,RF,62 I RF 3-5 72% outdoor
82,WAS,3/31/2024,1,608385,Jesse Winker,3,Y,LF,62 I RF 3-5 72% outdoor
83,WAS,3/31/2024,1,608841,Joey Meneses,4,Y,DH,62 I RF 3-5 72% outdoor
84,WAS,3/31/2024,1,608336,Joey Gallo,5,Y,1B,62 I RF 3-5 72% outdoor
85,WAS,3/31/2024,1,660688,Keibert Ruiz,6,Y,C,62 I RF 3-5 72% outdoor
86,WAS,3/31/2024,1,592696,Eddie Rosario,7,Y,CF,62 I RF 3-5 72% outdoor
87,WAS,3/31/2024,1,671277,Luis V Garcia,8,Y,2B,62 I RF 3-5 72% outdoor
88,WAS,3/31/2024,1,702358,Trey Lipscomb,9,Y,3B,62 I RF 3-5 72% outdoor
89,WAS,3/31/2024,1,663623,Jake Irvin,SP,Y,,62 I RF 3-5 72% outdoor
90,CIN,3/31/2024,1,663697,Jonathan India,1,Y,2B,62 I RF 3-5 72% outdoor
91,CIN,3/31/2024,1,666181,Will Benson,2,Y,CF,62 I RF 3-5 72% outdoor
92,CIN,3/31/2024,1,687952,Christian Encarnacion-Strand,3,Y,1B,62 I RF 3-5 72% outdoor
93,CIN,3/31/2024,1,600869,Jeimer Candelario,4,Y,3B,62 I RF 3-5 72% outdoor
94,CIN,3/31/2024,1,641584,Jake Fraley,5,Y,RF,62 I RF 3-5 72% outdoor
95,CIN,3/31/2024,1,682829,Elly De La Cruz,6,Y,SS,62 I RF 3-5 72% outdoor
96,CIN,3/31/2024,1,668715,Spencer Steer,7,Y,LF,62 I RF 3-5 72% outdoor
97,CIN,3/31/2024,1,605361,Nick Martini,8,Y,DH,62 I RF 3-5 72% outdoor
98,CIN,3/31/2024,1,663886,Tyler Stephenson,9,Y,C,62 I RF 3-5 72% outdoor
99,CIN,3/31/2024,1,607259,Nick Martinez,SP,Y,,62 I RF 3-5 72% outdoor
100,TOR,3/31/2024,1,543807,George Springer,1,Y,DH,dome 
101,TOR,3/31/2024,1,665489,Vladimir Guerrero,2,Y,1B,dome 
102,TOR,3/31/2024,1,457759,Justin Turner,3,Y,3B,dome 
103,TOR,3/31/2024,1,662139,Daulton Varsho,4,Y,CF,dome 
104,TOR,3/31/2024,1,672386,Alejandro Kirk,5,Y,C,dome 
105,TOR,3/31/2024,1,676391,Ernie Clement,6,Y,SS,dome 
106,TOR,3/31/2024,1,676914,Davis Schneider,7,Y,LF,dome 
107,TOR,3/31/2024,1,624415,Cavan Biggio,8,Y,RF,dome 
108,TOR,3/31/2024,1,643396,Isiah Kiner-Falefa,9,Y,2B,dome 
109,TOR,3/31/2024,1,592332,Kevin Gausman,SP,Y,,dome 
110,TB,3/31/2024,1,650490,Yandy Diaz,1,Y,1B,dome 
111,TB,3/31/2024,1,664040,Brandon Lowe,2,Y,2B,dome 
112,TB,3/31/2024,1,668227,Randy Arozarena,3,Y,LF,dome 
113,TB,3/31/2024,1,623912,Harold Ramirez,4,Y,DH,dome 
114,TB,3/31/2024,1,670623,Isaac Paredes,5,Y,3B,dome 
115,TB,3/31/2024,1,642708,Amed Rosario,6,Y,RF,dome 
116,TB,3/31/2024,1,642350,Jose Siri,7,Y,CF,dome 
117,TB,3/31/2024,1,666163,Ben Rortvedt,8,Y,C,dome 
118,TB,3/31/2024,1,676609,Jose Caballero,9,Y,SS,dome 
119,TB,3/31/2024,1,542888,Shawn Armstrong,SP,Y,,dome 
120,NYY,3/31/2024,1,650402,Gleyber Torres,1,Y,2B,78 O RF 15-20 1%  retractable
121,NYY,3/31/2024,1,665742,Juan Soto,2,Y,RF,78 O RF 15-20 1%  retractable
122,NYY,3/31/2024,1,592450,Aaron Judge,3,Y,CF,78 O RF 15-20 1%  retractable
123,NYY,3/31/2024,1,519203,Anthony Rizzo,4,Y,1B,78 O RF 15-20 1%  retractable
124,NYY,3/31/2024,1,519317,Giancarlo Stanton,5,Y,DH,78 O RF 15-20 1%  retractable
125,NYY,3/31/2024,1,657077,Alex Verdugo,6,Y,LF,78 O RF 15-20 1%  retractable
126,NYY,3/31/2024,1,542932,Jonathon Berti,7,Y,3B,78 O RF 15-20 1%  retractable
127,NYY,3/31/2024,1,624431,Jose Trevino,8,Y,C,78 O RF 15-20 1%  retractable
128,NYY,3/31/2024,1,665828,Oswaldo Cabrera,9,Y,SS,78 O RF 15-20 1%  retractable
129,NYY,3/31/2024,1,657376,Clarke Schmidt,SP,Y,,78 O RF 15-20 1%  retractable
130,HOU,3/31/2024,1,514888,Jose Altuve,1,Y,2B,78 O RF 15-20 1%  retractable
131,HOU,3/31/2024,1,670541,Yordan Alvarez,2,Y,DH,78 O RF 15-20 1%  retractable
132,HOU,3/31/2024,1,663656,Kyle Tucker,3,Y,RF,78 O RF 15-20 1%  retractable
133,HOU,3/31/2024,1,608324,Alex Bregman,4,Y,3B,78 O RF 15-20 1%  retractable
134,HOU,3/31/2024,1,673237,Yainer Diaz,5,Y,C,78 O RF 15-20 1%  retractable
135,HOU,3/31/2024,1,572138,Jon Singleton,6,Y,1B,78 O RF 15-20 1%  retractable
136,HOU,3/31/2024,1,676801,Chas McCormick,7,Y,LF,78 O RF 15-20 1%  retractable
137,HOU,3/31/2024,1,665161,Jeremy Pena,8,Y,SS,78 O RF 15-20 1%  retractable
138,HOU,3/31/2024,1,676694,Jake Meyers,9,Y,CF,78 O RF 15-20 1%  retractable
139,HOU,3/31/2024,1,641585,J.P. France,SP,Y,,78 O RF 15-20 1%  retractable
140,DET,3/31/2024,1,678009,Parker Meadows,1,Y,CF,42 N LR 10-10 88% outdoor
141,DET,3/31/2024,1,679529,Spencer Torkelson,2,Y,1B,42 N LR 10-10 88% outdoor
142,DET,3/31/2024,1,681481,Kerry Carpenter,3,Y,RF,42 N LR 10-10 88% outdoor
143,DET,3/31/2024,1,682985,Riley Greene,4,Y,DH,42 N LR 10-10 88% outdoor
144,DET,3/31/2024,1,592192,Mark Canha,5,Y,LF,42 N LR 10-10 88% outdoor
145,DET,3/31/2024,1,690993,Colt Keith,6,Y,2B,42 N LR 10-10 88% outdoor
146,DET,3/31/2024,1,570482,Giovanny Urshela,7,Y,3B,42 N LR 10-10 88% outdoor
147,DET,3/31/2024,1,595879,Javier Baez,8,Y,SS,42 N LR 10-10 88% outdoor
148,DET,3/31/2024,1,668670,Jake Rogers,9,Y,C,42 N LR 10-10 88% outdoor
149,DET,3/31/2024,1,656427,Jack Flaherty,SP,Y,,42 N LR 10-10 88% outdoor
150,CHW,3/31/2024,1,643217,Andrew Benintendi,1,Y,LF,42 N LR 10-10 88% outdoor
151,CHW,3/31/2024,1,660162,Yoan Moncada,2,Y,3B,42 N LR 10-10 88% outdoor
152,CHW,3/31/2024,1,673357,Luis Robert,3,Y,CF,42 N LR 10-10 88% outdoor
153,CHW,3/31/2024,1,650391,Eloy Jimenez,4,Y,DH,42 N LR 10-10 88% outdoor
154,CHW,3/31/2024,1,683734,Andrew Vaughn,5,Y,1B,42 N LR 10-10 88% outdoor
155,CHW,3/31/2024,1,669699,Braden Shewmake,6,Y,2B,42 N LR 10-10 88% outdoor
156,CHW,3/31/2024,1,657557,Paul DeJong,7,Y,SS,42 N LR 10-10 88% outdoor
157,CHW,3/31/2024,1,666150,Dominic Fletcher,8,Y,RF,42 N LR 10-10 88% outdoor
158,CHW,3/31/2024,1,686676,Korey Lee,9,Y,C,42 N LR 10-10 88% outdoor
159,CHW,3/31/2024,1,607200,Erick Fedde,SP,Y,,42 N LR 10-10 88% outdoor
160,MIN,3/31/2024,1,666397,Edouard Julien,1,Y,2B,76 O CF 12-13 13% outdoor
161,MIN,3/31/2024,1,666135,Alex Kirilloff,2,Y,LF,76 O CF 12-13 13% outdoor
162,MIN,3/31/2024,1,621439,Byron Buxton,3,Y,DH,76 O CF 12-13 13% outdoor
163,MIN,3/31/2024,1,621043,Carlos Correa,4,Y,SS,76 O CF 12-13 13% outdoor
164,MIN,3/31/2024,1,670242,Matt Wallner,5,Y,RF,76 O CF 12-13 13% outdoor
165,MIN,3/31/2024,1,467793,Carlos Santana,6,Y,1B,76 O CF 12-13 13% outdoor
166,MIN,3/31/2024,1,650489,Willi Castro,7,Y,3B,76 O CF 12-13 13% outdoor
167,MIN,3/31/2024,1,680777,Ryan Jeffers,8,Y,C,76 O CF 12-13 13% outdoor
168,MIN,3/31/2024,1,668885,Austin Martin,9,Y,CF,76 O CF 12-13 13% outdoor
169,MIN,3/31/2024,1,641927,Bailey Ober,SP,Y,,76 O CF 12-13 13% outdoor
170,KC,3/31/2024,1,672580,Maikel Garcia,1,Y,3B,76 O CF 12-13 13% outdoor
171,KC,3/31/2024,1,677951,Bobby Witt Jr.,2,Y,SS,76 O CF 12-13 13% outdoor
172,KC,3/31/2024,1,686469,Vinnie Pasquantino,3,Y,DH,76 O CF 12-13 13% outdoor
173,KC,3/31/2024,1,521692,Salvador Perez,4,Y,1B,76 O CF 12-13 13% outdoor
174,KC,3/31/2024,1,669004,MJ Melendez,5,Y,LF,76 O CF 12-13 13% outdoor
175,KC,3/31/2024,1,676369,Nelson Velazquez,6,Y,RF,76 O CF 12-13 13% outdoor
176,KC,3/31/2024,1,624428,Adam Frazier,7,Y,2B,76 O CF 12-13 13% outdoor
177,KC,3/31/2024,1,666023,Freddy Fermin,8,Y,C,76 O CF 12-13 13% outdoor
178,KC,3/31/2024,1,664728,Kyle Isbel,9,Y,CF,76 O CF 12-13 13% outdoor
179,KC,3/31/2024,1,663903,Brady Singer,SP,Y,,76 O CF 12-13 13% outdoor
180,CHC,3/31/2024,1,664023,Ian Happ,1,Y,DH,79 I CF 15-15 2% outdoor
181,CHC,3/31/2024,1,673548,Seiya Suzuki,2,Y,RF,79 I CF 15-15 2% outdoor
182,CHC,3/31/2024,1,641355,Cody Bellinger,3,Y,CF,79 I CF 15-15 2% outdoor
183,CHC,3/31/2024,1,666624,Christopher Morel,4,Y,3B,79 I CF 15-15 2% outdoor
184,CHC,3/31/2024,1,621020,Dansby Swanson,5,Y,SS,79 I CF 15-15 2% outdoor
185,CHC,3/31/2024,1,683737,Michael Busch,6,Y,1B,79 I CF 15-15 2% outdoor
186,CHC,3/31/2024,1,663538,Nico Hoerner,7,Y,2B,79 I CF 15-15 2% outdoor
187,CHC,3/31/2024,1,643565,Mike Tauchman,8,Y,LF,79 I CF 15-15 2% outdoor
188,CHC,3/31/2024,1,665804,Miguel Amaya,9,Y,C,79 I CF 15-15 2% outdoor
189,CHC,3/31/2024,1,696136,Jordan Wicks,SP,Y,,79 I CF 15-15 2% outdoor
190,TEX,3/31/2024,1,543760,Marcus Semien,1,Y,2B,79 I CF 15-15 2% outdoor
191,TEX,3/31/2024,1,694671,Wyatt Langford,2,Y,LF,79 I CF 15-15 2% outdoor
192,TEX,3/31/2024,1,673962,Josh Jung,3,Y,3B,79 I CF 15-15 2% outdoor
193,TEX,3/31/2024,1,666969,Adolis Garcia,4,Y,DH,79 I CF 15-15 2% outdoor
194,TEX,3/31/2024,1,677649,Ezequiel Duran,5,Y,SS,79 I CF 15-15 2% outdoor
195,TEX,3/31/2024,1,668800,Andrew Knizner,6,Y,C,79 I CF 15-15 2% outdoor
196,TEX,3/31/2024,1,665120,Jared Walsh,7,Y,1B,79 I CF 15-15 2% outdoor
197,TEX,3/31/2024,1,694497,Evan Carter,8,Y,RF,79 I CF 15-15 2% outdoor
198,TEX,3/31/2024,1,665750,Leody Taveras,9,Y,CF,79 I CF 15-15 2% outdoor
199,TEX,3/31/2024,1,592351,Jonathan Gray,SP,Y,,79 I CF 15-15 2% outdoor
200,CLE,3/31/2024,1,680757,Steven Kwan,1,Y,LF,61 O LF 7-9 20% outdoor
201,CLE,3/31/2024,1,665926,Andres Gimenez,2,Y,2B,61 O LF 7-9 20% outdoor
202,CLE,3/31/2024,1,608070,Jose Ramirez,3,Y,3B,61 O LF 7-9 20% outdoor
203,CLE,3/31/2024,1,647304,Josh Naylor,4,Y,1B,61 O LF 7-9 20% outdoor
204,CLE,3/31/2024,1,686823,Will Brennan,5,Y,RF,61 O LF 7-9 20% outdoor
205,CLE,3/31/2024,1,657656,Ramon Laureano,6,Y,CF,61 O LF 7-9 20% outdoor
206,CLE,3/31/2024,1,666310,Bo Naylor,7,Y,C,61 O LF 7-9 20% outdoor
207,CLE,3/31/2024,1,664314,Estevan Florial,8,Y,DH,61 O LF 7-9 20% outdoor
208,CLE,3/31/2024,1,672356,Gabriel Arias,9,Y,SS,61 O LF 7-9 20% outdoor
209,CLE,3/31/2024,1,471911,Carlos Carrasco,SP,Y,,61 O LF 7-9 20% outdoor
210,OAK,3/31/2024,1,665923,Esteury Ruiz,1,Y,LF,61 O LF 7-9 20% outdoor
211,OAK,3/31/2024,1,668709,JJ Bleday,2,Y,CF,61 O LF 7-9 20% outdoor
212,OAK,3/31/2024,1,680869,Zack Gelof,3,Y,2B,61 O LF 7-9 20% outdoor
213,OAK,3/31/2024,1,664913,Seth Brown,4,Y,DH,61 O LF 7-9 20% outdoor
214,OAK,3/31/2024,1,605204,J.D. Davis,5,Y,3B,61 O LF 7-9 20% outdoor
215,OAK,3/31/2024,1,676116,Ryan Noda,6,Y,1B,61 O LF 7-9 20% outdoor
216,OAK,3/31/2024,1,669127,Shea Langeliers,7,Y,C,61 O LF 7-9 20% outdoor
217,OAK,3/31/2024,1,671732,Lawrence Butler,8,Y,RF,61 O LF 7-9 20% outdoor
218,OAK,3/31/2024,1,669397,Nick Allen,9,Y,SS,61 O LF 7-9 20% outdoor
219,OAK,3/31/2024,1,621112,Paul Blackburn,SP,Y,,61 O LF 7-9 20% outdoor
220,SF,3/31/2024,1,808982,Jung Hoo Lee,1,Y,CF,61 O CF 15-20 70% outdoor
221,SF,3/31/2024,1,624585,Jorge Soler,2,Y,DH,61 O CF 15-20 70% outdoor
222,SF,3/31/2024,1,664774,LaMonte Wade,3,Y,RF,61 O CF 15-20 70% outdoor
223,SF,3/31/2024,1,656305,Matt Chapman,4,Y,3B,61 O CF 15-20 70% outdoor
224,SF,3/31/2024,1,527038,Wilmer Flores,5,Y,1B,61 O CF 15-20 70% outdoor
225,SF,3/31/2024,1,624424,Michael Conforto,6,Y,LF,61 O CF 15-20 70% outdoor
226,SF,3/31/2024,1,642731,Thairo Estrada,7,Y,2B,61 O CF 15-20 70% outdoor
227,SF,3/31/2024,1,672275,Patrick Bailey,8,Y,C,61 O CF 15-20 70% outdoor
228,SF,3/31/2024,1,666149,Tyler Fitzgerald,9,Y,SS,61 O CF 15-20 70% outdoor
229,SF,3/31/2024,1,641726,Daulton Jefferies,SP,Y,,61 O CF 15-20 70% outdoor
230,SD,3/31/2024,1,593428,Xander Bogaerts,1,Y,2B,61 O CF 15-20 70% outdoor
231,SD,3/31/2024,1,665487,Fernando Tatis Jr,2,Y,RF,61 O CF 15-20 70% outdoor
232,SD,3/31/2024,1,630105,Jake Cronenworth,3,Y,1B,61 O CF 15-20 70% outdoor
233,SD,3/31/2024,1,592518,Manny Machado,4,Y,DH,61 O CF 15-20 70% outdoor
234,SD,3/31/2024,1,673490,Ha-seong Kim,5,Y,SS,61 O CF 15-20 70% outdoor
235,SD,3/31/2024,1,595777,Jurickson Profar,6,Y,LF,61 O CF 15-20 70% outdoor
236,SD,3/31/2024,1,669134,Luis Campusano,7,Y,C,61 O CF 15-20 70% outdoor
237,SD,3/31/2024,1,688363,Graham Pauley,8,Y,3B,61 O CF 15-20 70% outdoor
238,SD,3/31/2024,1,701538,Jackson Merrill,9,Y,CF,61 O CF 15-20 70% outdoor
239,SD,3/31/2024,1,650633,Mike King,SP,Y,,61 O CF 15-20 70% outdoor
240,BOS,3/31/2024,1,680776,Jarren Duran,1,Y,CF,57 N LR 8-9 4%  retractable
241,BOS,3/31/2024,1,646240,Rafael Devers,2,Y,3B,57 N LR 8-9 4%  retractable
242,BOS,3/31/2024,1,596115,Trevor Story,3,Y,SS,57 N LR 8-9 4%  retractable
243,BOS,3/31/2024,1,671213,Triston Casas,4,Y,1B,57 N LR 8-9 4%  retractable
244,BOS,3/31/2024,1,807799,Masataka Yoshida,5,Y,DH,57 N LR 8-9 4%  retractable
245,BOS,3/31/2024,1,641933,Tyler O'Neill,6,Y,LF,57 N LR 8-9 4%  retractable
246,BOS,3/31/2024,1,677800,Wilyer Abreu,7,Y,RF,57 N LR 8-9 4%  retractable
247,BOS,3/31/2024,1,665839,Enmanuel Valdez,8,Y,2B,57 N LR 8-9 4%  retractable
248,BOS,3/31/2024,1,624512,Reese McGuire,9,Y,C,57 N LR 8-9 4%  retractable
249,BOS,3/31/2024,1,676477,Garrett Whitlock,SP,Y,,57 N LR 8-9 4%  retractable
250,SEA,3/31/2024,1,641487,J.P. Crawford,1,Y,SS,57 N LR 8-9 4%  retractable
251,SEA,3/31/2024,1,677594,Julio Rodriguez,2,Y,CF,57 N LR 8-9 4%  retractable
252,SEA,3/31/2024,1,593871,Jorge Polanco,3,Y,2B,57 N LR 8-9 4%  retractable
253,SEA,3/31/2024,1,571745,Mitch Haniger,4,Y,DH,57 N LR 8-9 4%  retractable
254,SEA,3/31/2024,1,664034,Ty France,5,Y,1B,57 N LR 8-9 4%  retractable
255,SEA,3/31/2024,1,686527,Dominic Canzone,6,Y,LF,57 N LR 8-9 4%  retractable
256,SEA,3/31/2024,1,670042,Luke Raley,7,Y,RF,57 N LR 8-9 4%  retractable
257,SEA,3/31/2024,1,668942,Josh Rojas,8,Y,3B,57 N LR 8-9 4%  retractable
258,SEA,3/31/2024,1,664874,Seby Zavala,9,Y,C,57 N LR 8-9 4%  retractable
259,SEA,3/31/2024,1,682243,Bryce Miller,SP,Y,,57 N LR 8-9 4%  retractable
260,COL,3/31/2024,1,678662,Ezequiel Tovar,1,Y,SS,60 O LF 5-10 50%  retractable
261,COL,3/31/2024,1,666134,Nolan Jones,2,Y,LF,60 O LF 5-10 50%  retractable
262,COL,3/31/2024,1,660707,Elehuris Montero,3,Y,DH,60 O LF 5-10 50%  retractable
263,COL,3/31/2024,1,641857,Ryan McMahon,4,Y,3B,60 O LF 5-10 50%  retractable
264,COL,3/31/2024,1,663898,Brendan Rodgers,5,Y,2B,60 O LF 5-10 50%  retractable
265,COL,3/31/2024,1,669911,Mike Toglia,6,Y,1B,60 O LF 5-10 50%  retractable
266,COL,3/31/2024,1,686668,Brenton Doyle,7,Y,CF,60 O LF 5-10 50%  retractable
267,COL,3/31/2024,1,595909,Jake Cave,8,Y,RF,60 O LF 5-10 50%  retractable
268,COL,3/31/2024,1,607732,Jacob Stallings,9,Y,C,60 O LF 5-10 50%  retractable
269,COL,3/31/2024,1,663372,Ryan Feltner,SP,Y,,60 O LF 5-10 50%  retractable
270,ARI,3/31/2024,1,682998,Corbin Carroll,1,Y,RF,60 O LF 5-10 50%  retractable
271,ARI,3/31/2024,1,606466,Ketel Marte,2,Y,2B,60 O LF 5-10 50%  retractable
272,ARI,3/31/2024,1,666971,Lourdes Gurriel,3,Y,LF,60 O LF 5-10 50%  retractable
273,ARI,3/31/2024,1,572233,Christian Walker,4,Y,1B,60 O LF 5-10 50%  retractable
274,ARI,3/31/2024,1,592626,Joc Pederson,5,Y,DH,60 O LF 5-10 50%  retractable
275,ARI,3/31/2024,1,553993,Eugenio Suarez,6,Y,3B,60 O LF 5-10 50%  retractable
276,ARI,3/31/2024,1,677950,Alek Thomas,7,Y,CF,60 O LF 5-10 50%  retractable
277,ARI,3/31/2024,1,571466,Tucker Barnhart,8,Y,C,60 O LF 5-10 50%  retractable
278,ARI,3/31/2024,1,672695,Geraldo Perdomo,9,Y,SS,60 O LF 5-10 50%  retractable
279,ARI,3/31/2024,1,694297,Brandon Pfaadt,SP,Y,,60 O LF 5-10 50%  retractable
280,STL,3/31/2024,1,680977,Brendan Donovan,1,Y,LF,56 N RL 10-10 69% outdoor
281,STL,3/31/2024,1,502671,Paul Goldschmidt,2,Y,1B,56 N RL 10-10 69% outdoor
282,STL,3/31/2024,1,669357,Nolan Gorman,3,Y,2B,56 N RL 10-10 69% outdoor
283,STL,3/31/2024,1,571448,Nolan Arenado,4,Y,3B,56 N RL 10-10 69% outdoor
284,STL,3/31/2024,1,575929,Willson Contreras,5,Y,C,56 N RL 10-10 69% outdoor
285,STL,3/31/2024,1,676475,Alec Burleson,6,Y,DH,56 N RL 10-10 69% outdoor
286,STL,3/31/2024,1,691023,Jordan Walker,7,Y,RF,56 N RL 10-10 69% outdoor
287,STL,3/31/2024,1,687363,Victor Scott,8,Y,CF,56 N RL 10-10 69% outdoor
288,STL,3/31/2024,1,691026,Masyn Winn,9,Y,SS,56 N RL 10-10 69% outdoor
289,STL,3/31/2024,1,571927,Steven Matz,SP,Y,,56 N RL 10-10 69% outdoor
290,LAD,3/31/2024,1,605141,Mookie Betts,1,Y,2B,56 N RL 10-10 69% outdoor
291,LAD,3/31/2024,1,660271,Shohei (H) Ohtani,2,Y,DH,56 N RL 10-10 69% outdoor
292,LAD,3/31/2024,1,518692,Freddie Freeman,3,Y,1B,56 N RL 10-10 69% outdoor
293,LAD,3/31/2024,1,606192,Teoscar Hernandez,4,Y,RF,56 N RL 10-10 69% outdoor
294,LAD,3/31/2024,1,621035,Chris Taylor,5,Y,LF,56 N RL 10-10 69% outdoor
295,LAD,3/31/2024,1,571771,Enrique Hernandez,6,Y,3B,56 N RL 10-10 69% outdoor
296,LAD,3/31/2024,1,681546,James Outman,7,Y,CF,56 N RL 10-10 69% outdoor
297,LAD,3/31/2024,1,500743,Miguel Rojas,8,Y,SS,56 N RL 10-10 69% outdoor
298,LAD,3/31/2024,1,605131,Austin Barnes,9,Y,C,56 N RL 10-10 69% outdoor
299,LAD,3/31/2024,1,694813,Gavin Stone,SP,Y,,56 N RL 10-10 69% outdoor
