,team code, game_date, game_number, mlb id, player name, batting order, confirmed, position, weather
0,MIA,4/19/2024,1,650333,Luis Arraez,1,Y,2B,55 O RF 15-20 0% outdoor
1,MIA,4/19/2024,1,650559,Bryan De La Cruz,2,Y,DH,55 O RF 15-20 0% outdoor
2,MIA,4/19/2024,1,665862,Jazz Chisholm,3,Y,CF,55 O RF 15-20 0% outdoor
3,MIA,4/19/2024,1,605137,Josh Bell,4,Y,1B,55 O RF 15-20 0% outdoor
4,MIA,4/19/2024,1,660821,Jesus Sanchez,5,Y,RF,55 O RF 15-20 0% outdoor
5,MIA,4/19/2024,1,641313,Tim Anderson,6,Y,SS,55 O RF 15-20 0% outdoor
6,MIA,4/19/2024,1,624503,Nick Gordon,7,Y,LF,55 O RF 15-20 0% outdoor
7,MIA,4/19/2024,1,656896,Emmanuel Rivera,8,Y,3B,55 O RF 15-20 0% outdoor
8,MIA,4/19/2024,1,663743,Nicholas Fortes,9,Y,C,55 O RF 15-20 0% outdoor
9,MIA,4/19/2024,1,640462,A.J. Puk,SP,Y,,55 O RF 15-20 0% outdoor
10,CHC,4/19/2024,1,663538,Nico Hoerner,1,Y,2B,55 O RF 15-20 0% outdoor
11,CHC,4/19/2024,1,621550,Patrick Wisdom,2,Y,RF,55 O RF 15-20 0% outdoor
12,CHC,4/19/2024,1,641355,Cody Bellinger,3,Y,CF,55 O RF 15-20 0% outdoor
13,CHC,4/19/2024,1,666624,Christopher Morel,4,Y,DH,55 O RF 15-20 0% outdoor
14,CHC,4/19/2024,1,621020,Dansby Swanson,5,Y,SS,55 O RF 15-20 0% outdoor
15,CHC,4/19/2024,1,664023,Ian Happ,6,Y,LF,55 O RF 15-20 0% outdoor
16,CHC,4/19/2024,1,643265,Garrett Cooper,7,Y,1B,55 O RF 15-20 0% outdoor
17,CHC,4/19/2024,1,663611,Nick Madrigal,8,Y,3B,55 O RF 15-20 0% outdoor
18,CHC,4/19/2024,1,665804,Miguel Amaya,9,Y,C,55 O RF 15-20 0% outdoor
19,CHC,4/19/2024,1,592791,Jameson Taillon,SP,Y,,55 O RF 15-20 0% outdoor
20,CHW,4/19/2024,1,666150,Dominic Fletcher,1,Y,CF,52 N RL 5-5 60% outdoor
21,CHW,4/19/2024,1,650391,Eloy Jimenez,2,Y,DH,52 N RL 5-5 60% outdoor
22,CHW,4/19/2024,1,657757,Gavin Sheets,3,Y,RF,52 N RL 5-5 60% outdoor
23,CHW,4/19/2024,1,683734,Andrew Vaughn,4,Y,1B,52 N RL 5-5 60% outdoor
24,CHW,4/19/2024,1,643217,Andrew Benintendi,5,Y,LF,52 N RL 5-5 60% outdoor
25,CHW,4/19/2024,1,657557,Paul DeJong,6,Y,SS,52 N RL 5-5 60% outdoor
26,CHW,4/19/2024,1,669699,Braden Shewmake,7,Y,3B,52 N RL 5-5 60% outdoor
27,CHW,4/19/2024,1,670032,Nicky Lopez,8,Y,2B,52 N RL 5-5 60% outdoor
28,CHW,4/19/2024,1,455117,Martin Maldonado,9,Y,C,52 N RL 5-5 60% outdoor
29,CHW,4/19/2024,1,676979,Garrett Crochet,SP,Y,,52 N RL 5-5 60% outdoor
30,PHI,4/19/2024,1,656941,Kyle Schwarber,1,Y,DH,52 N RL 5-5 60% outdoor
31,PHI,4/19/2024,1,607208,Trea Turner,2,Y,SS,52 N RL 5-5 60% outdoor
32,PHI,4/19/2024,1,547180,Bryce Harper,3,Y,1B,52 N RL 5-5 60% outdoor
33,PHI,4/19/2024,1,592663,JT Realmuto,4,Y,C,52 N RL 5-5 60% outdoor
34,PHI,4/19/2024,1,664761,Alec Bohm,5,Y,3B,52 N RL 5-5 60% outdoor
35,PHI,4/19/2024,1,592206,Nick Castellanos,6,Y,RF,52 N RL 5-5 60% outdoor
36,PHI,4/19/2024,1,593160,Whit Merrifield,7,Y,LF,52 N RL 5-5 60% outdoor
37,PHI,4/19/2024,1,624641,Edmundo Sosa,8,Y,2B,52 N RL 5-5 60% outdoor
38,PHI,4/19/2024,1,665506,Cristian Pache,9,Y,CF,52 N RL 5-5 60% outdoor
39,PHI,4/19/2024,1,605513,Spencer Turnbull,SP,Y,,52 N RL 5-5 60% outdoor
40,BOS,4/19/2024,1,680776,Jarren Duran,1,Y,CF,51 O CF 6-8 4% outdoor
41,BOS,4/19/2024,1,677800,Wilyer Abreu,2,Y,LF,51 O CF 6-8 4% outdoor
42,BOS,4/19/2024,1,608701,Rob Refsnyder,3,Y,RF,51 O CF 6-8 4% outdoor
43,BOS,4/19/2024,1,671213,Triston Casas,4,Y,1B,51 O CF 6-8 4% outdoor
44,BOS,4/19/2024,1,657136,Connor Wong,5,Y,C,51 O CF 6-8 4% outdoor
45,BOS,4/19/2024,1,807799,Masataka Yoshida,6,Y,DH,51 O CF 6-8 4% outdoor
46,BOS,4/19/2024,1,666915,Bobby Dalbec,7,Y,3B,51 O CF 6-8 4% outdoor
47,BOS,4/19/2024,1,665839,Enmanuel Valdez,8,Y,2B,51 O CF 6-8 4% outdoor
48,BOS,4/19/2024,1,678882,Ceddanne Rafaela,9,Y,SS,51 O CF 6-8 4% outdoor
49,BOS,4/19/2024,1,678394,Brayan Bello,SP,Y,,51 O CF 6-8 4% outdoor
50,PIT,4/19/2024,1,665833,Oneil Cruz,1,Y,SS,51 O CF 6-8 4% outdoor
51,PIT,4/19/2024,1,668804,Bryan Reynolds,2,Y,RF,51 O CF 6-8 4% outdoor
52,PIT,4/19/2024,1,663647,Ke'Bryan Hayes,3,Y,3B,51 O CF 6-8 4% outdoor
53,PIT,4/19/2024,1,642133,Rowdy Tellez,4,Y,1B,51 O CF 6-8 4% outdoor
54,PIT,4/19/2024,1,457705,Andrew McCutchen,5,Y,DH,51 O CF 6-8 4% outdoor
55,PIT,4/19/2024,1,669261,Jack Suwinski,6,Y,LF,51 O CF 6-8 4% outdoor
56,PIT,4/19/2024,1,669707,Jared Triolo,7,Y,2B,51 O CF 6-8 4% outdoor
57,PIT,4/19/2024,1,572191,Michael Taylor,8,Y,CF,51 O CF 6-8 4% outdoor
58,PIT,4/19/2024,1,680779,Henry Davis,9,Y,C,51 O CF 6-8 4% outdoor
59,PIT,4/19/2024,1,682990,Quinn Priester,SP,Y,,51 O CF 6-8 4% outdoor
60,LAA,4/19/2024,1,543685,Anthony Rendon,1,Y,3B,49 O CF 6-8 2% outdoor
61,LAA,4/19/2024,1,545361,Mike Trout,2,Y,CF,49 O CF 6-8 2% outdoor
62,LAA,4/19/2024,1,621493,Taylor Ward,3,Y,LF,49 O CF 6-8 2% outdoor
63,LAA,4/19/2024,1,593934,Miguel Sano,4,Y,1B,49 O CF 6-8 2% outdoor
64,LAA,4/19/2024,1,592273,Brandon Drury,5,Y,DH,49 O CF 6-8 2% outdoor
65,LAA,4/19/2024,1,681351,Logan O'Hoppe,6,Y,C,49 O CF 6-8 2% outdoor
66,LAA,4/19/2024,1,650859,Luis Rengifo,7,Y,2B,49 O CF 6-8 2% outdoor
67,LAA,4/19/2024,1,666176,Jo Adell,8,Y,RF,49 O CF 6-8 2% outdoor
68,LAA,4/19/2024,1,687263,Zach Neto,9,Y,SS,49 O CF 6-8 2% outdoor
69,LAA,4/19/2024,1,542881,Tyler Anderson,SP,Y,,49 O CF 6-8 2% outdoor
70,CIN,4/19/2024,1,663697,Jonathan India,1,Y,2B,49 O CF 6-8 2% outdoor
71,CIN,4/19/2024,1,668715,Spencer Steer,2,Y,1B,49 O CF 6-8 2% outdoor
72,CIN,4/19/2024,1,656413,Stuart Fairchild,3,Y,CF,49 O CF 6-8 2% outdoor
73,CIN,4/19/2024,1,663886,Tyler Stephenson,4,Y,C,49 O CF 6-8 2% outdoor
74,CIN,4/19/2024,1,605361,Nick Martini,5,Y,DH,49 O CF 6-8 2% outdoor
75,CIN,4/19/2024,1,682829,Elly De La Cruz,6,Y,SS,49 O CF 6-8 2% outdoor
76,CIN,4/19/2024,1,641584,Jake Fraley,7,Y,RF,49 O CF 6-8 2% outdoor
77,CIN,4/19/2024,1,669289,Santiago Espinal,8,Y,3B,49 O CF 6-8 2% outdoor
78,CIN,4/19/2024,1,666181,Will Benson,9,Y,LF,49 O CF 6-8 2% outdoor
79,CIN,4/19/2024,1,666157,Nick Lodolo,SP,Y,,49 O CF 6-8 2% outdoor
80,HOU,4/19/2024,1,514888,Jose Altuve,1,Y,2B,56 N RL 5-7 49% outdoor
81,HOU,4/19/2024,1,670541,Yordan Alvarez,2,Y,DH,56 N RL 5-7 49% outdoor
82,HOU,4/19/2024,1,608324,Alex Bregman,3,Y,3B,56 N RL 5-7 49% outdoor
83,HOU,4/19/2024,1,663656,Kyle Tucker,4,Y,RF,56 N RL 5-7 49% outdoor
84,HOU,4/19/2024,1,673237,Yainer Diaz,5,Y,C,56 N RL 5-7 49% outdoor
85,HOU,4/19/2024,1,665161,Jeremy Pena,6,Y,SS,56 N RL 5-7 49% outdoor
86,HOU,4/19/2024,1,676801,Chas McCormick,7,Y,LF,56 N RL 5-7 49% outdoor
87,HOU,4/19/2024,1,547989,Jose Abreu,8,Y,1B,56 N RL 5-7 49% outdoor
88,HOU,4/19/2024,1,643289,Mauricio Dubon,9,Y,CF,56 N RL 5-7 49% outdoor
89,HOU,4/19/2024,1,434378,Justin Verlander,SP,Y,,56 N RL 5-7 49% outdoor
90,WAS,4/19/2024,1,696285,Jacob Young,1,Y,CF,56 N RL 5-7 49% outdoor
91,WAS,4/19/2024,1,682928,CJ Abrams,2,Y,SS,56 N RL 5-7 49% outdoor
92,WAS,4/19/2024,1,608385,Jesse Winker,3,Y,DH,56 N RL 5-7 49% outdoor
93,WAS,4/19/2024,1,657041,Lane Thomas,4,Y,RF,56 N RL 5-7 49% outdoor
94,WAS,4/19/2024,1,671277,Luis V Garcia,5,Y,2B,56 N RL 5-7 49% outdoor
95,WAS,4/19/2024,1,608841,Joey Meneses,6,Y,1B,56 N RL 5-7 49% outdoor
96,WAS,4/19/2024,1,592696,Eddie Rosario,7,Y,LF,56 N RL 5-7 49% outdoor
97,WAS,4/19/2024,1,656180,Riley Adams,8,Y,C,56 N RL 5-7 49% outdoor
98,WAS,4/19/2024,1,545121,Ildemaro Vargas,9,Y,3B,56 N RL 5-7 49% outdoor
99,WAS,4/19/2024,1,669022,MacKenzie Gore,SP,Y,,56 N RL 5-7 49% outdoor
100,TB,4/19/2024,1,650490,Yandy Diaz,1,Y,1B,50 N RL 6-7 70% outdoor
101,TB,4/19/2024,1,668227,Randy Arozarena,2,Y,CF,50 N RL 6-7 70% outdoor
102,TB,4/19/2024,1,680700,Richie Palacios,3,Y,LF,50 N RL 6-7 70% outdoor
103,TB,4/19/2024,1,670623,Isaac Paredes,4,Y,3B,50 N RL 6-7 70% outdoor
104,TB,4/19/2024,1,623912,Harold Ramirez,5,Y,DH,50 N RL 6-7 70% outdoor
105,TB,4/19/2024,1,642708,Amed Rosario,6,Y,RF,50 N RL 6-7 70% outdoor
106,TB,4/19/2024,1,678554,Curtis Mead,7,Y,2B,50 N RL 6-7 70% outdoor
107,TB,4/19/2024,1,676609,Jose Caballero,8,Y,SS,50 N RL 6-7 70% outdoor
108,TB,4/19/2024,1,666163,Ben Rortvedt,9,Y,C,50 N RL 6-7 70% outdoor
109,TB,4/19/2024,1,641302,Tyler Alexander,SP,Y,,50 N RL 6-7 70% outdoor
110,NYY,4/19/2024,1,683011,Anthony Volpe,1,Y,SS,50 N RL 6-7 70% outdoor
111,NYY,4/19/2024,1,665742,Juan Soto,2,Y,RF,50 N RL 6-7 70% outdoor
112,NYY,4/19/2024,1,592450,Aaron Judge,3,Y,CF,50 N RL 6-7 70% outdoor
113,NYY,4/19/2024,1,519317,Giancarlo Stanton,4,Y,DH,50 N RL 6-7 70% outdoor
114,NYY,4/19/2024,1,519203,Anthony Rizzo,5,Y,1B,50 N RL 6-7 70% outdoor
115,NYY,4/19/2024,1,650402,Gleyber Torres,6,Y,2B,50 N RL 6-7 70% outdoor
116,NYY,4/19/2024,1,657077,Alex Verdugo,7,Y,LF,50 N RL 6-7 70% outdoor
117,NYY,4/19/2024,1,624431,Jose Trevino,8,Y,C,50 N RL 6-7 70% outdoor
118,NYY,4/19/2024,1,665828,Oswaldo Cabrera,9,Y,3B,50 N RL 6-7 70% outdoor
119,NYY,4/19/2024,1,657376,Clarke Schmidt,SP,Y,,50 N RL 6-7 70% outdoor
120,OAK,4/19/2024,1,647351,Abraham Toro,1,Y,3B,51 N LR 8-9 9% outdoor
121,OAK,4/19/2024,1,680869,Zack Gelof,2,Y,2B,51 N LR 8-9 9% outdoor
122,OAK,4/19/2024,1,668709,JJ Bleday,3,Y,CF,51 N LR 8-9 9% outdoor
123,OAK,4/19/2024,1,664913,Seth Brown,4,Y,LF,51 N LR 8-9 9% outdoor
124,OAK,4/19/2024,1,663527,Tyler Nevin,5,Y,DH,51 N LR 8-9 9% outdoor
125,OAK,4/19/2024,1,671732,Lawrence Butler,6,Y,RF,51 N LR 8-9 9% outdoor
126,OAK,4/19/2024,1,669127,Shea Langeliers,7,Y,C,51 N LR 8-9 9% outdoor
127,OAK,4/19/2024,1,676116,Ryan Noda,8,Y,1B,51 N LR 8-9 9% outdoor
128,OAK,4/19/2024,1,669397,Nick Allen,9,Y,SS,51 N LR 8-9 9% outdoor
129,OAK,4/19/2024,1,671212,Joe Boyle,SP,Y,,51 N LR 8-9 9% outdoor
130,CLE,4/19/2024,1,680757,Steven Kwan,1,Y,LF,51 N LR 8-9 9% outdoor
131,CLE,4/19/2024,1,665926,Andres Gimenez,2,Y,2B,51 N LR 8-9 9% outdoor
132,CLE,4/19/2024,1,608070,Jose Ramirez,3,Y,3B,51 N LR 8-9 9% outdoor
133,CLE,4/19/2024,1,647304,Josh Naylor,4,Y,1B,51 N LR 8-9 9% outdoor
134,CLE,4/19/2024,1,686823,Will Brennan,5,Y,RF,51 N LR 8-9 9% outdoor
135,CLE,4/19/2024,1,671289,Tyler Freeman,6,Y,CF,51 N LR 8-9 9% outdoor
136,CLE,4/19/2024,1,666310,Bo Naylor,7,Y,C,51 N LR 8-9 9% outdoor
137,CLE,4/19/2024,1,664314,Estevan Florial,8,Y,DH,51 N LR 8-9 9% outdoor
138,CLE,4/19/2024,1,677587,Brayan Rocchio,9,Y,SS,51 N LR 8-9 9% outdoor
139,CLE,4/19/2024,1,663474,Triston McKenzie,SP,Y,,51 N LR 8-9 9% outdoor
140,TEX,4/19/2024,1,543760,Marcus Semien,1,Y,2B,70 N RL 5-5 16% outdoor
141,TEX,4/19/2024,1,608369,Corey Seager,2,Y,SS,70 N RL 5-5 16% outdoor
142,TEX,4/19/2024,1,694671,Wyatt Langford,3,Y,LF,70 N RL 5-5 16% outdoor
143,TEX,4/19/2024,1,666969,Adolis Garcia,4,Y,RF,70 N RL 5-5 16% outdoor
144,TEX,4/19/2024,1,641680,Jonah Heim,5,Y,C,70 N RL 5-5 16% outdoor
145,TEX,4/19/2024,1,677649,Ezequiel Duran,6,Y,1B,70 N RL 5-5 16% outdoor
146,TEX,4/19/2024,1,669701,Josh Smith,7,Y,3B,70 N RL 5-5 16% outdoor
147,TEX,4/19/2024,1,673995,Davis Wendzel,8,Y,DH,70 N RL 5-5 16% outdoor
148,TEX,4/19/2024,1,665750,Leody Taveras,9,Y,CF,70 N RL 5-5 16% outdoor
149,TEX,4/19/2024,1,571760,Andrew Heaney,SP,Y,,70 N RL 5-5 16% outdoor
150,ATL,4/19/2024,1,660670,Ronald Acuna,1,Y,RF,70 N RL 5-5 16% outdoor
151,ATL,4/19/2024,1,606115,Orlando Arcia,2,Y,SS,70 N RL 5-5 16% outdoor
152,ATL,4/19/2024,1,663586,Austin Riley,3,Y,3B,70 N RL 5-5 16% outdoor
153,ATL,4/19/2024,1,621566,Matt Olson,4,Y,1B,70 N RL 5-5 16% outdoor
154,ATL,4/19/2024,1,542303,Marcell Ozuna,5,Y,DH,70 N RL 5-5 16% outdoor
155,ATL,4/19/2024,1,594807,Adam Duvall,6,Y,LF,70 N RL 5-5 16% outdoor
156,ATL,4/19/2024,1,671739,Michael Harris,7,Y,CF,70 N RL 5-5 16% outdoor
157,ATL,4/19/2024,1,518595,Travis d'Arnaud,8,Y,C,70 N RL 5-5 16% outdoor
158,ATL,4/19/2024,1,664058,David Fletcher,9,Y,2B,70 N RL 5-5 16% outdoor
159,ATL,4/19/2024,1,519242,Chris Sale,SP,Y,,70 N RL 5-5 16% outdoor
160,BAL,4/19/2024,1,683002,Gunnar Henderson,1,Y,SS,50 I CF 3-6 7% outdoor
161,BAL,4/19/2024,1,668939,Adley Rutschman,2,Y,C,50 I CF 3-6 7% outdoor
162,BAL,4/19/2024,1,656811,Ryan O'Hearn,3,Y,DH,50 I CF 3-6 7% outdoor
163,BAL,4/19/2024,1,623993,Anthony Santander,4,Y,RF,50 I CF 3-6 7% outdoor
164,BAL,4/19/2024,1,663624,Ryan Mountcastle,5,Y,1B,50 I CF 3-6 7% outdoor
165,BAL,4/19/2024,1,656775,Cedric Mullins,6,Y,CF,50 I CF 3-6 7% outdoor
166,BAL,4/19/2024,1,681297,Colton Cowser,7,Y,LF,50 I CF 3-6 7% outdoor
167,BAL,4/19/2024,1,676059,Jordan Westburg,8,Y,3B,50 I CF 3-6 7% outdoor
168,BAL,4/19/2024,1,702616,Jackson Holliday,9,Y,2B,50 I CF 3-6 7% outdoor
169,BAL,4/19/2024,1,665152,Dean Kremer,SP,Y,,50 I CF 3-6 7% outdoor
170,KC,4/19/2024,1,672580,Maikel Garcia,1,Y,3B,50 I CF 3-6 7% outdoor
171,KC,4/19/2024,1,677951,Bobby Witt Jr.,2,Y,SS,50 I CF 3-6 7% outdoor
172,KC,4/19/2024,1,686469,Vinnie Pasquantino,3,Y,1B,50 I CF 3-6 7% outdoor
173,KC,4/19/2024,1,521692,Salvador Perez,4,Y,C,50 I CF 3-6 7% outdoor
174,KC,4/19/2024,1,669004,MJ Melendez,5,Y,LF,50 I CF 3-6 7% outdoor
175,KC,4/19/2024,1,676369,Nelson Velazquez,6,Y,DH,50 I CF 3-6 7% outdoor
176,KC,4/19/2024,1,686681,Michael Massey,7,Y,2B,50 I CF 3-6 7% outdoor
177,KC,4/19/2024,1,592669,Hunter Renfroe,8,Y,RF,50 I CF 3-6 7% outdoor
178,KC,4/19/2024,1,664728,Kyle Isbel,9,Y,CF,50 I CF 3-6 7% outdoor
179,KC,4/19/2024,1,679525,Alec Marsh,SP,Y,,50 I CF 3-6 7% outdoor
180,DET,4/19/2024,1,592192,Mark Canha,1,Y,DH,36 O CF 15-15 6% outdoor
181,DET,4/19/2024,1,672761,Wenceel Perez,2,Y,RF,36 O CF 15-15 6% outdoor
182,DET,4/19/2024,1,681481,Kerry Carpenter,3,Y,LF,36 O CF 15-15 6% outdoor
183,DET,4/19/2024,1,679529,Spencer Torkelson,4,Y,1B,36 O CF 15-15 6% outdoor
184,DET,4/19/2024,1,570482,Giovanny Urshela,5,Y,3B,36 O CF 15-15 6% outdoor
185,DET,4/19/2024,1,690993,Colt Keith,6,Y,2B,36 O CF 15-15 6% outdoor
186,DET,4/19/2024,1,656716,Zach McKinstry,7,Y,SS,36 O CF 15-15 6% outdoor
187,DET,4/19/2024,1,608348,Carson Kelly,8,Y,C,36 O CF 15-15 6% outdoor
188,DET,4/19/2024,1,678009,Parker Meadows,9,Y,CF,36 O CF 15-15 6% outdoor
189,DET,4/19/2024,1,656427,Jack Flaherty,SP,Y,,36 O CF 15-15 6% outdoor
190,MIN,4/19/2024,1,666397,Edouard Julien,1,Y,2B,36 O CF 15-15 6% outdoor
191,MIN,4/19/2024,1,680777,Ryan Jeffers,2,Y,DH,36 O CF 15-15 6% outdoor
192,MIN,4/19/2024,1,666135,Alex Kirilloff,3,Y,RF,36 O CF 15-15 6% outdoor
193,MIN,4/19/2024,1,663616,Trevor Larnach,4,Y,LF,36 O CF 15-15 6% outdoor
194,MIN,4/19/2024,1,621439,Byron Buxton,5,Y,CF,36 O CF 15-15 6% outdoor
195,MIN,4/19/2024,1,467793,Carlos Santana,6,Y,1B,36 O CF 15-15 6% outdoor
196,MIN,4/19/2024,1,650489,Willi Castro,7,Y,SS,36 O CF 15-15 6% outdoor
197,MIN,4/19/2024,1,543877,Christian Vazquez,8,Y,C,36 O CF 15-15 6% outdoor
198,MIN,4/19/2024,1,571657,Kyle Farmer,9,Y,3B,36 O CF 15-15 6% outdoor
199,MIN,4/19/2024,1,657746,Joe Ryan,SP,Y,,36 O CF 15-15 6% outdoor
200,MIL,4/19/2024,1,686217,Sal Frelick,1,Y,LF,51 N LR 3-5 2% outdoor
201,MIL,4/19/2024,1,661388,William Contreras,2,Y,C,51 N LR 3-5 2% outdoor
202,MIL,4/19/2024,1,642715,Willy Adames,3,Y,SS,51 N LR 3-5 2% outdoor
203,MIL,4/19/2024,1,686554,Oliver Dunn,4,Y,3B,51 N LR 3-5 2% outdoor
204,MIL,4/19/2024,1,656555,Rhys Hoskins,5,Y,1B,51 N LR 3-5 2% outdoor
205,MIL,4/19/2024,1,668930,Brice Turang,6,Y,2B,51 N LR 3-5 2% outdoor
206,MIL,4/19/2024,1,596142,Gary Sanchez,7,Y,DH,51 N LR 3-5 2% outdoor
207,MIL,4/19/2024,1,663368,Blake Perkins,8,Y,CF,51 N LR 3-5 2% outdoor
208,MIL,4/19/2024,1,694192,Jackson Chourio,9,Y,RF,51 N LR 3-5 2% outdoor
209,MIL,4/19/2024,1,642547,Freddy Peralta,SP,Y,,51 N LR 3-5 2% outdoor
210,STL,4/19/2024,1,680977,Brendan Donovan,1,Y,DH,51 N LR 3-5 2% outdoor
211,STL,4/19/2024,1,502671,Paul Goldschmidt,2,Y,1B,51 N LR 3-5 2% outdoor
212,STL,4/19/2024,1,663457,Lars Nootbaar,3,Y,LF,51 N LR 3-5 2% outdoor
213,STL,4/19/2024,1,571448,Nolan Arenado,4,Y,3B,51 N LR 3-5 2% outdoor
214,STL,4/19/2024,1,575929,Willson Contreras,5,Y,C,51 N LR 3-5 2% outdoor
215,STL,4/19/2024,1,669357,Nolan Gorman,6,Y,2B,51 N LR 3-5 2% outdoor
216,STL,4/19/2024,1,691026,Masyn Winn,7,Y,SS,51 N LR 3-5 2% outdoor
217,STL,4/19/2024,1,691023,Jordan Walker,8,Y,RF,51 N LR 3-5 2% outdoor
218,STL,4/19/2024,1,687363,Victor Scott,9,Y,CF,51 N LR 3-5 2% outdoor
219,STL,4/19/2024,1,502043,Kyle Gibson,SP,Y,,51 N LR 3-5 2% outdoor
220,TOR,4/19/2024,1,666182,Bo Bichette,1,Y,SS,60 N LR 5-5 1% outdoor
221,TOR,4/19/2024,1,665489,Vladimir Guerrero,2,Y,1B,60 N LR 5-5 1% outdoor
222,TOR,4/19/2024,1,457759,Justin Turner,3,Y,DH,60 N LR 5-5 1% outdoor
223,TOR,4/19/2024,1,676914,Davis Schneider,4,Y,2B,60 N LR 5-5 1% outdoor
224,TOR,4/19/2024,1,662139,Daulton Varsho,5,Y,LF,60 N LR 5-5 1% outdoor
225,TOR,4/19/2024,1,643376,Danny Jansen,6,Y,C,60 N LR 5-5 1% outdoor
226,TOR,4/19/2024,1,624415,Cavan Biggio,7,Y,RF,60 N LR 5-5 1% outdoor
227,TOR,4/19/2024,1,643396,Isiah Kiner-Falefa,8,Y,3B,60 N LR 5-5 1% outdoor
228,TOR,4/19/2024,1,595281,Kevin Kiermaier,9,Y,CF,60 N LR 5-5 1% outdoor
229,TOR,4/19/2024,1,684320,Yariel Rodriguez,SP,Y,,60 N LR 5-5 1% outdoor
230,SD,4/19/2024,1,593428,Xander Bogaerts,1,Y,2B,60 N LR 5-5 1% outdoor
231,SD,4/19/2024,1,665487,Fernando Tatis Jr,2,Y,RF,60 N LR 5-5 1% outdoor
232,SD,4/19/2024,1,630105,Jake Cronenworth,3,Y,1B,60 N LR 5-5 1% outdoor
233,SD,4/19/2024,1,592518,Manny Machado,4,Y,DH,60 N LR 5-5 1% outdoor
234,SD,4/19/2024,1,595777,Jurickson Profar,5,Y,LF,60 N LR 5-5 1% outdoor
235,SD,4/19/2024,1,673490,Ha-seong Kim,6,Y,SS,60 N LR 5-5 1% outdoor
236,SD,4/19/2024,1,701538,Jackson Merrill,7,Y,CF,60 N LR 5-5 1% outdoor
237,SD,4/19/2024,1,642180,Tyler Wade,8,Y,3B,60 N LR 5-5 1% outdoor
238,SD,4/19/2024,1,543309,Kyle Higashioka,9,Y,C,60 N LR 5-5 1% outdoor
239,SD,4/19/2024,1,663362,Matt Waldron,SP,Y,,60 N LR 5-5 1% outdoor
240,NYM,4/19/2024,1,607043,Brandon Nimmo,1,Y,LF,56 O CF 5-5 1% outdoor
241,NYM,4/19/2024,1,516782,Starling Marte,2,Y,RF,56 O CF 5-5 1% outdoor
242,NYM,4/19/2024,1,596019,Francisco Lindor,3,Y,SS,56 O CF 5-5 1% outdoor
243,NYM,4/19/2024,1,624413,Peter Alonso,4,Y,1B,56 O CF 5-5 1% outdoor
244,NYM,4/19/2024,1,621466,DJ Stewart,5,Y,DH,56 O CF 5-5 1% outdoor
245,NYM,4/19/2024,1,682626,Francisco Alvarez,6,Y,C,56 O CF 5-5 1% outdoor
246,NYM,4/19/2024,1,643446,Jeff McNeil,7,Y,2B,56 O CF 5-5 1% outdoor
247,NYM,4/19/2024,1,664056,Harrison Bader,8,Y,CF,56 O CF 5-5 1% outdoor
248,NYM,4/19/2024,1,621563,Joseph Wendle,9,Y,3B,56 O CF 5-5 1% outdoor
249,NYM,4/19/2024,1,640455,Sean Manaea,SP,Y,,56 O CF 5-5 1% outdoor
250,LAD,4/19/2024,1,605141,Mookie Betts,1,Y,SS,56 O CF 5-5 1% outdoor
251,LAD,4/19/2024,1,660271,Shohei (H) Ohtani,2,Y,DH,56 O CF 5-5 1% outdoor
252,LAD,4/19/2024,1,518692,Freddie Freeman,3,Y,1B,56 O CF 5-5 1% outdoor
253,LAD,4/19/2024,1,669257,Will Smith,4,Y,C,56 O CF 5-5 1% outdoor
254,LAD,4/19/2024,1,606192,Teoscar Hernandez,5,Y,RF,56 O CF 5-5 1% outdoor
255,LAD,4/19/2024,1,571771,Enrique Hernandez,6,Y,2B,56 O CF 5-5 1% outdoor
256,LAD,4/19/2024,1,681624,Andy Pages,7,Y,CF,56 O CF 5-5 1% outdoor
257,LAD,4/19/2024,1,500743,Miguel Rojas,8,Y,3B,56 O CF 5-5 1% outdoor
258,LAD,4/19/2024,1,621035,Chris Taylor,9,Y,LF,56 O CF 5-5 1% outdoor
259,LAD,4/19/2024,1,808967,Yoshinobu Yamamoto,SP,Y,,56 O CF 5-5 1% outdoor
260,ARI,4/19/2024,1,606466,Ketel Marte,1,Y,2B,58 O CF 6-9 1% outdoor
261,ARI,4/19/2024,1,682998,Corbin Carroll,2,Y,CF,58 O CF 6-9 1% outdoor
262,ARI,4/19/2024,1,666971,Lourdes Gurriel,3,Y,LF,58 O CF 6-9 1% outdoor
263,ARI,4/19/2024,1,572233,Christian Walker,4,Y,1B,58 O CF 6-9 1% outdoor
264,ARI,4/19/2024,1,553993,Eugenio Suarez,5,Y,3B,58 O CF 6-9 1% outdoor
265,ARI,4/19/2024,1,545341,Randal Grichuk,6,Y,RF,58 O CF 6-9 1% outdoor
266,ARI,4/19/2024,1,672515,Gabriel Moreno,7,Y,C,58 O CF 6-9 1% outdoor
267,ARI,4/19/2024,1,677942,Blaze Alexander,8,Y,DH,58 O CF 6-9 1% outdoor
268,ARI,4/19/2024,1,621028,Kevin Newman,9,Y,SS,58 O CF 6-9 1% outdoor
269,ARI,4/19/2024,1,656756,Jordan Montgomery,SP,Y,,58 O CF 6-9 1% outdoor
270,SF,4/19/2024,1,596103,Austin Slater,1,Y,RF,58 O CF 6-9 1% outdoor
271,SF,4/19/2024,1,527038,Wilmer Flores,2,Y,1B,58 O CF 6-9 1% outdoor
272,SF,4/19/2024,1,624585,Jorge Soler,3,Y,DH,58 O CF 6-9 1% outdoor
273,SF,4/19/2024,1,656305,Matt Chapman,4,Y,3B,58 O CF 6-9 1% outdoor
274,SF,4/19/2024,1,624424,Michael Conforto,5,Y,LF,58 O CF 6-9 1% outdoor
275,SF,4/19/2024,1,608596,Tom Murphy,6,Y,C,58 O CF 6-9 1% outdoor
276,SF,4/19/2024,1,642731,Thairo Estrada,7,Y,2B,58 O CF 6-9 1% outdoor
277,SF,4/19/2024,1,666149,Tyler Fitzgerald,8,Y,CF,58 O CF 6-9 1% outdoor
278,SF,4/19/2024,1,605113,Nick Ahmed,9,Y,SS,58 O CF 6-9 1% outdoor
279,SF,4/19/2024,1,605483,Blake Snell,SP,Y,,58 O CF 6-9 1% outdoor
