,team code, game_date, game_number, mlb id, player name, batting order, confirmed, position, weather
0,TB,4/20/2024,1,650490,Yandy Diaz,1,Y,1B,67 O CF 13-16 5% outdoor
1,TB,4/20/2024,1,668227,Randy Arozarena,2,Y,LF,67 O CF 13-16 5% outdoor
2,TB,4/20/2024,1,623912,Harold Ramirez,3,Y,DH,67 O CF 13-16 5% outdoor
3,TB,4/20/2024,1,670623,Isaac Paredes,4,Y,3B,67 O CF 13-16 5% outdoor
4,TB,4/20/2024,1,642708,Amed Rosario,5,Y,RF,67 O CF 13-16 5% outdoor
5,TB,4/20/2024,1,678554,Curtis Mead,6,Y,2B,67 O CF 13-16 5% outdoor
6,TB,4/20/2024,1,676609,Jose Caballero,7,Y,SS,67 O CF 13-16 5% outdoor
7,TB,4/20/2024,1,642350,Jose Siri,8,Y,CF,67 O CF 13-16 5% outdoor
8,TB,4/20/2024,1,650907,Rene Pinto,9,Y,C,67 O CF 13-16 5% outdoor
9,TB,4/20/2024,1,621107,Zach Eflin,SP,Y,,67 O CF 13-16 5% outdoor
10,NYY,4/20/2024,1,683011,Anthony Volpe,1,Y,SS,67 O CF 13-16 5% outdoor
11,NYY,4/20/2024,1,665742,Juan Soto,2,Y,RF,67 O CF 13-16 5% outdoor
12,NYY,4/20/2024,1,592450,Aaron Judge,3,Y,DH,67 O CF 13-16 5% outdoor
13,NYY,4/20/2024,1,519203,Anthony Rizzo,4,Y,1B,67 O CF 13-16 5% outdoor
14,NYY,4/20/2024,1,657077,Alex Verdugo,5,Y,LF,67 O CF 13-16 5% outdoor
15,NYY,4/20/2024,1,663757,Trent Grisham,6,Y,CF,67 O CF 13-16 5% outdoor
16,NYY,4/20/2024,1,665828,Oswaldo Cabrera,7,Y,3B,67 O CF 13-16 5% outdoor
17,NYY,4/20/2024,1,663330,Jahmai Jones,8,Y,2B,67 O CF 13-16 5% outdoor
18,NYY,4/20/2024,1,669224,Austin Wells,9,Y,C,67 O CF 13-16 5% outdoor
19,NYY,4/20/2024,1,641482,Nestor Cortes,SP,Y,,67 O CF 13-16 5% outdoor
20,DET,4/20/2024,1,682985,Riley Greene,1,Y,LF,45 O RF 15-15 0% outdoor
21,DET,4/20/2024,1,672761,Wenceel Perez,2,Y,RF,45 O RF 15-15 0% outdoor
22,DET,4/20/2024,1,679529,Spencer Torkelson,3,Y,1B,45 O RF 15-15 0% outdoor
23,DET,4/20/2024,1,681481,Kerry Carpenter,4,Y,DH,45 O RF 15-15 0% outdoor
24,DET,4/20/2024,1,663837,Matt Vierling,5,Y,3B,45 O RF 15-15 0% outdoor
25,DET,4/20/2024,1,690993,Colt Keith,6,Y,2B,45 O RF 15-15 0% outdoor
26,DET,4/20/2024,1,595879,Javier Baez,7,Y,SS,45 O RF 15-15 0% outdoor
27,DET,4/20/2024,1,678009,Parker Meadows,8,Y,CF,45 O RF 15-15 0% outdoor
28,DET,4/20/2024,1,668670,Jake Rogers,9,Y,C,45 O RF 15-15 0% outdoor
29,DET,4/20/2024,1,681857,Reese Olson,SP,Y,,45 O RF 15-15 0% outdoor
30,MIN,4/20/2024,1,666397,Edouard Julien,1,Y,2B,45 O RF 15-15 0% outdoor
31,MIN,4/20/2024,1,680777,Ryan Jeffers,2,Y,C,45 O RF 15-15 0% outdoor
32,MIN,4/20/2024,1,666135,Alex Kirilloff,3,Y,1B,45 O RF 15-15 0% outdoor
33,MIN,4/20/2024,1,663616,Trevor Larnach,4,Y,RF,45 O RF 15-15 0% outdoor
34,MIN,4/20/2024,1,621439,Byron Buxton,5,Y,CF,45 O RF 15-15 0% outdoor
35,MIN,4/20/2024,1,669304,Jose Miranda,6,Y,3B,45 O RF 15-15 0% outdoor
36,MIN,4/20/2024,1,650489,Willi Castro,7,Y,SS,45 O RF 15-15 0% outdoor
37,MIN,4/20/2024,1,665856,Jair Camargo,8,Y,DH,45 O RF 15-15 0% outdoor
38,MIN,4/20/2024,1,668885,Austin Martin,9,Y,LF,45 O RF 15-15 0% outdoor
39,MIN,4/20/2024,1,641927,Bailey Ober,SP,Y,,45 O RF 15-15 0% outdoor
40,MIL,4/20/2024,1,686217,Sal Frelick,1,Y,LF,58 N LR 10-13 0% outdoor
41,MIL,4/20/2024,1,661388,William Contreras,2,Y,DH,58 N LR 10-13 0% outdoor
42,MIL,4/20/2024,1,642715,Willy Adames,3,Y,SS,58 N LR 10-13 0% outdoor
43,MIL,4/20/2024,1,656555,Rhys Hoskins,4,Y,1B,58 N LR 10-13 0% outdoor
44,MIL,4/20/2024,1,686554,Oliver Dunn,5,Y,3B,58 N LR 10-13 0% outdoor
45,MIL,4/20/2024,1,596142,Gary Sanchez,6,Y,C,58 N LR 10-13 0% outdoor
46,MIL,4/20/2024,1,663368,Blake Perkins,7,Y,CF,58 N LR 10-13 0% outdoor
47,MIL,4/20/2024,1,668930,Brice Turang,8,Y,2B,58 N LR 10-13 0% outdoor
48,MIL,4/20/2024,1,694192,Jackson Chourio,9,Y,RF,58 N LR 10-13 0% outdoor
49,MIL,4/20/2024,1,669084,DL Hall,SP,Y,,58 N LR 10-13 0% outdoor
50,STL,4/20/2024,1,680977,Brendan Donovan,1,Y,2B,58 N LR 10-13 0% outdoor
51,STL,4/20/2024,1,502671,Paul Goldschmidt,2,Y,1B,58 N LR 10-13 0% outdoor
52,STL,4/20/2024,1,575929,Willson Contreras,3,Y,DH,58 N LR 10-13 0% outdoor
53,STL,4/20/2024,1,571448,Nolan Arenado,4,Y,3B,58 N LR 10-13 0% outdoor
54,STL,4/20/2024,1,671056,Ivan Herrera,5,Y,C,58 N LR 10-13 0% outdoor
55,STL,4/20/2024,1,691026,Masyn Winn,6,Y,SS,58 N LR 10-13 0% outdoor
56,STL,4/20/2024,1,663457,Lars Nootbaar,7,Y,LF,58 N LR 10-13 0% outdoor
57,STL,4/20/2024,1,691023,Jordan Walker,8,Y,RF,58 N LR 10-13 0% outdoor
58,STL,4/20/2024,1,672279,Mike Siani,9,Y,CF,58 N LR 10-13 0% outdoor
59,STL,4/20/2024,1,571945,Miles Mikolas,SP,Y,,58 N LR 10-13 0% outdoor
60,MIA,4/20/2024,1,650333,Luis Arraez,1,Y,2B,44 N LR 10-10 2% outdoor
61,MIA,4/20/2024,1,650559,Bryan De La Cruz,2,Y,LF,44 N LR 10-10 2% outdoor
62,MIA,4/20/2024,1,665862,Jazz Chisholm,3,Y,CF,44 N LR 10-10 2% outdoor
63,MIA,4/20/2024,1,605137,Josh Bell,4,Y,1B,44 N LR 10-10 2% outdoor
64,MIA,4/20/2024,1,660821,Jesus Sanchez,5,Y,RF,44 N LR 10-10 2% outdoor
65,MIA,4/20/2024,1,624503,Nick Gordon,6,Y,LF,44 N LR 10-10 2% outdoor
66,MIA,4/20/2024,1,656896,Emmanuel Rivera,7,Y,3B,44 N LR 10-10 2% outdoor
67,MIA,4/20/2024,1,660644,Vidal Brujan,8,Y,2B,44 N LR 10-10 2% outdoor
68,MIA,4/20/2024,1,663743,Nicholas Fortes,9,Y,C,44 N LR 10-10 2% outdoor
69,MIA,4/20/2024,1,666200,Jesus Luzardo,SP,Y,,44 N LR 10-10 2% outdoor
70,CHC,4/20/2024,1,663538,Nico Hoerner,1,Y,2B,44 N LR 10-10 2% outdoor
71,CHC,4/20/2024,1,621550,Patrick Wisdom,2,Y,3B,44 N LR 10-10 2% outdoor
72,CHC,4/20/2024,1,666624,Christopher Morel,3,Y,3B,44 N LR 10-10 2% outdoor
73,CHC,4/20/2024,1,621020,Dansby Swanson,4,Y,SS,44 N LR 10-10 2% outdoor
74,CHC,4/20/2024,1,643265,Garrett Cooper,5,Y,1B,44 N LR 10-10 2% outdoor
75,CHC,4/20/2024,1,643565,Mike Tauchman,6,Y,RF,44 N LR 10-10 2% outdoor
76,CHC,4/20/2024,1,663611,Nick Madrigal,7,Y,3B,44 N LR 10-10 2% outdoor
77,CHC,4/20/2024,1,665804,Miguel Amaya,8,Y,C,44 N LR 10-10 2% outdoor
78,CHC,4/20/2024,1,672744,Alexander Canario,9,Y,LF,44 N LR 10-10 2% outdoor
79,CHC,4/20/2024,1,665871,Javier Assad,SP,Y,,44 N LR 10-10 2% outdoor
80,BOS,4/20/2024,1,680776,Jarren Duran,1,Y,CF,47 N LR 7-12 0% outdoor
81,BOS,4/20/2024,1,677800,Wilyer Abreu,2,Y,LF,47 N LR 7-12 0% outdoor
82,BOS,4/20/2024,1,608701,Rob Refsnyder,3,Y,RF,47 N LR 7-12 0% outdoor
83,BOS,4/20/2024,1,671213,Triston Casas,4,Y,1B,47 N LR 7-12 0% outdoor
84,BOS,4/20/2024,1,807799,Masataka Yoshida,5,Y,DH,47 N LR 7-12 0% outdoor
85,BOS,4/20/2024,1,666915,Bobby Dalbec,6,Y,3B,47 N LR 7-12 0% outdoor
86,BOS,4/20/2024,1,665839,Enmanuel Valdez,7,Y,2B,47 N LR 7-12 0% outdoor
87,BOS,4/20/2024,1,624512,Reese McGuire,8,Y,C,47 N LR 7-12 0% outdoor
88,BOS,4/20/2024,1,678882,Ceddanne Rafaela,9,Y,SS,47 N LR 7-12 0% outdoor
89,BOS,4/20/2024,1,676710,Kutter Crawford,SP,Y,,47 N LR 7-12 0% outdoor
90,PIT,4/20/2024,1,658668,Edward Olivares,1,Y,DH,47 N LR 7-12 0% outdoor
91,PIT,4/20/2024,1,668804,Bryan Reynolds,2,Y,RF,47 N LR 7-12 0% outdoor
92,PIT,4/20/2024,1,663647,Ke'Bryan Hayes,3,Y,3B,47 N LR 7-12 0% outdoor
93,PIT,4/20/2024,1,669261,Jack Suwinski,4,Y,LF,47 N LR 7-12 0% outdoor
94,PIT,4/20/2024,1,663698,Joey Bart,5,Y,C,47 N LR 7-12 0% outdoor
95,PIT,4/20/2024,1,642133,Rowdy Tellez,6,Y,1B,47 N LR 7-12 0% outdoor
96,PIT,4/20/2024,1,669707,Jared Triolo,7,Y,2B,47 N LR 7-12 0% outdoor
97,PIT,4/20/2024,1,665833,Oneil Cruz,8,Y,SS,47 N LR 7-12 0% outdoor
98,PIT,4/20/2024,1,572191,Michael Taylor,9,Y,CF,47 N LR 7-12 0% outdoor
99,PIT,4/20/2024,1,656605,Mitch Keller,SP,Y,,47 N LR 7-12 0% outdoor
100,ARI,4/20/2024,1,606466,Ketel Marte,1,Y,DH,74 O CF 10-10 0% outdoor
101,ARI,4/20/2024,1,682998,Corbin Carroll,2,Y,CF,74 O CF 10-10 0% outdoor
102,ARI,4/20/2024,1,666971,Lourdes Gurriel,3,Y,LF,74 O CF 10-10 0% outdoor
103,ARI,4/20/2024,1,572233,Christian Walker,4,Y,1B,74 O CF 10-10 0% outdoor
104,ARI,4/20/2024,1,553993,Eugenio Suarez,5,Y,3B,74 O CF 10-10 0% outdoor
105,ARI,4/20/2024,1,545341,Randal Grichuk,6,Y,RF,74 O CF 10-10 0% outdoor
106,ARI,4/20/2024,1,677942,Blaze Alexander,7,Y,SS,74 O CF 10-10 0% outdoor
107,ARI,4/20/2024,1,571466,Tucker Barnhart,8,Y,C,74 O CF 10-10 0% outdoor
108,ARI,4/20/2024,1,621028,Kevin Newman,9,Y,2B,74 O CF 10-10 0% outdoor
109,ARI,4/20/2024,1,668678,Zac Gallen,SP,Y,,74 O CF 10-10 0% outdoor
110,SF,4/20/2024,1,808982,Jung Hoo Lee,1,Y,CF,74 O CF 10-10 0% outdoor
111,SF,4/20/2024,1,664774,LaMonte Wade,2,Y,1B,74 O CF 10-10 0% outdoor
112,SF,4/20/2024,1,624585,Jorge Soler,3,Y,DH,74 O CF 10-10 0% outdoor
113,SF,4/20/2024,1,624424,Michael Conforto,4,Y,LF,74 O CF 10-10 0% outdoor
114,SF,4/20/2024,1,527038,Wilmer Flores,5,Y,3B,74 O CF 10-10 0% outdoor
115,SF,4/20/2024,1,672275,Patrick Bailey,6,Y,C,74 O CF 10-10 0% outdoor
116,SF,4/20/2024,1,642731,Thairo Estrada,7,Y,2B,74 O CF 10-10 0% outdoor
117,SF,4/20/2024,1,573262,Mike Yastrzemski,8,Y,RF,74 O CF 10-10 0% outdoor
118,SF,4/20/2024,1,605113,Nick Ahmed,9,Y,SS,74 O CF 10-10 0% outdoor
119,SF,4/20/2024,1,690986,Kyle Harrison,SP,Y,,74 O CF 10-10 0% outdoor
120,HOU,4/20/2024,1,514888,Jose Altuve,1,Y,2B,65 N LR 15-18 0% outdoor
121,HOU,4/20/2024,1,670541,Yordan Alvarez,2,Y,DH,65 N LR 15-18 0% outdoor
122,HOU,4/20/2024,1,608324,Alex Bregman,3,Y,3B,65 N LR 15-18 0% outdoor
123,HOU,4/20/2024,1,663656,Kyle Tucker,4,Y,RF,65 N LR 15-18 0% outdoor
124,HOU,4/20/2024,1,673237,Yainer Diaz,5,Y,C,65 N LR 15-18 0% outdoor
125,HOU,4/20/2024,1,665161,Jeremy Pena,6,Y,SS,65 N LR 15-18 0% outdoor
126,HOU,4/20/2024,1,676801,Chas McCormick,7,Y,LF,65 N LR 15-18 0% outdoor
127,HOU,4/20/2024,1,547989,Jose Abreu,8,Y,1B,65 N LR 15-18 0% outdoor
128,HOU,4/20/2024,1,643289,Mauricio Dubon,9,Y,CF,65 N LR 15-18 0% outdoor
129,HOU,4/20/2024,1,669854,Ronel Blanco,SP,Y,,65 N LR 15-18 0% outdoor
130,WAS,4/20/2024,1,682928,CJ Abrams,1,Y,SS,65 N LR 15-18 0% outdoor
131,WAS,4/20/2024,1,608385,Jesse Winker,2,Y,LF,65 N LR 15-18 0% outdoor
132,WAS,4/20/2024,1,657041,Lane Thomas,3,Y,RF,65 N LR 15-18 0% outdoor
133,WAS,4/20/2024,1,671277,Luis V Garcia,4,Y,2B,65 N LR 15-18 0% outdoor
134,WAS,4/20/2024,1,608336,Joey Gallo,5,Y,1B,65 N LR 15-18 0% outdoor
135,WAS,4/20/2024,1,608841,Joey Meneses,6,Y,DH,65 N LR 15-18 0% outdoor
136,WAS,4/20/2024,1,592696,Eddie Rosario,7,Y,CF,65 N LR 15-18 0% outdoor
137,WAS,4/20/2024,1,656180,Riley Adams,8,Y,C,65 N LR 15-18 0% outdoor
138,WAS,4/20/2024,1,669222,Nick Senzel,9,Y,3B,65 N LR 15-18 0% outdoor
139,WAS,4/20/2024,1,592866,Trevor Williams,SP,Y,,65 N LR 15-18 0% outdoor
140,NYM,4/20/2024,1,607043,Brandon Nimmo,1,Y,LF,63 O CF 5-10 0% outdoor
141,NYM,4/20/2024,1,516782,Starling Marte,2,Y,RF,63 O CF 5-10 0% outdoor
142,NYM,4/20/2024,1,596019,Francisco Lindor,3,Y,SS,63 O CF 5-10 0% outdoor
143,NYM,4/20/2024,1,624413,Peter Alonso,4,Y,1B,63 O CF 5-10 0% outdoor
144,NYM,4/20/2024,1,621466,DJ Stewart,5,Y,DH,63 O CF 5-10 0% outdoor
145,NYM,4/20/2024,1,643446,Jeff McNeil,6,Y,2B,63 O CF 5-10 0% outdoor
146,NYM,4/20/2024,1,664056,Harrison Bader,7,Y,CF,63 O CF 5-10 0% outdoor
147,NYM,4/20/2024,1,621563,Joseph Wendle,8,Y,3B,63 O CF 5-10 0% outdoor
148,NYM,4/20/2024,1,553882,Omar Narvaez,9,Y,C,63 O CF 5-10 0% outdoor
149,NYM,4/20/2024,1,676130,Jose Butto,SP,Y,,63 O CF 5-10 0% outdoor
150,LAD,4/20/2024,1,605141,Mookie Betts,1,Y,SS,63 O CF 5-10 0% outdoor
151,LAD,4/20/2024,1,660271,Shohei (H) Ohtani,2,Y,DH,63 O CF 5-10 0% outdoor
152,LAD,4/20/2024,1,518692,Freddie Freeman,3,Y,1B,63 O CF 5-10 0% outdoor
153,LAD,4/20/2024,1,606192,Teoscar Hernandez,4,Y,LF,63 O CF 5-10 0% outdoor
154,LAD,4/20/2024,1,571970,Max Muncy,5,Y,3B,63 O CF 5-10 0% outdoor
155,LAD,4/20/2024,1,681546,James Outman,6,Y,CF,63 O CF 5-10 0% outdoor
156,LAD,4/20/2024,1,681624,Andy Pages,7,Y,RF,63 O CF 5-10 0% outdoor
157,LAD,4/20/2024,1,666158,Gavin Lux,8,Y,2B,63 O CF 5-10 0% outdoor
158,LAD,4/20/2024,1,605131,Austin Barnes,9,Y,C,63 O CF 5-10 0% outdoor
159,LAD,4/20/2024,1,694813,Gavin Stone,SP,Y,,63 O CF 5-10 0% outdoor
160,CHW,4/20/2024,1,670032,Nicky Lopez,1,Y,2B,52 N LR 5-10 0% outdoor
161,CHW,4/20/2024,1,650391,Eloy Jimenez,2,Y,DH,52 N LR 5-10 0% outdoor
162,CHW,4/20/2024,1,657757,Gavin Sheets,3,Y,RF,52 N LR 5-10 0% outdoor
163,CHW,4/20/2024,1,683734,Andrew Vaughn,4,Y,1B,52 N LR 5-10 0% outdoor
164,CHW,4/20/2024,1,643217,Andrew Benintendi,5,Y,LF,52 N LR 5-10 0% outdoor
165,CHW,4/20/2024,1,657557,Paul DeJong,6,Y,SS,52 N LR 5-10 0% outdoor
166,CHW,4/20/2024,1,666150,Dominic Fletcher,7,Y,CF,52 N LR 5-10 0% outdoor
167,CHW,4/20/2024,1,686676,Korey Lee,8,Y,C,52 N LR 5-10 0% outdoor
168,CHW,4/20/2024,1,669699,Braden Shewmake,9,Y,3B,52 N LR 5-10 0% outdoor
169,CHW,4/20/2024,1,647336,Mike Soroka,SP,Y,,52 N LR 5-10 0% outdoor
170,PHI,4/20/2024,1,656941,Kyle Schwarber,1,Y,DH,52 N LR 5-10 0% outdoor
171,PHI,4/20/2024,1,607208,Trea Turner,2,Y,SS,52 N LR 5-10 0% outdoor
172,PHI,4/20/2024,1,547180,Bryce Harper,3,Y,1B,52 N LR 5-10 0% outdoor
173,PHI,4/20/2024,1,592663,JT Realmuto,4,Y,C,52 N LR 5-10 0% outdoor
174,PHI,4/20/2024,1,664761,Alec Bohm,5,Y,3B,52 N LR 5-10 0% outdoor
175,PHI,4/20/2024,1,669016,Brandon Marsh,6,Y,LF,52 N LR 5-10 0% outdoor
176,PHI,4/20/2024,1,592206,Nick Castellanos,7,Y,RF,52 N LR 5-10 0% outdoor
177,PHI,4/20/2024,1,681082,Bryson Stott,8,Y,2B,52 N LR 5-10 0% outdoor
178,PHI,4/20/2024,1,679032,Johan Rojas,9,Y,CF,52 N LR 5-10 0% outdoor
179,PHI,4/20/2024,1,554430,Zack Wheeler,SP,Y,,52 N LR 5-10 0% outdoor
180,OAK,4/20/2024,1,665923,Esteury Ruiz,1,Y,CF,42 N LR 6-7 1% outdoor
181,OAK,4/20/2024,1,663527,Tyler Nevin,2,Y,RF,42 N LR 6-7 1% outdoor
182,OAK,4/20/2024,1,680869,Zack Gelof,3,Y,2B,42 N LR 6-7 1% outdoor
183,OAK,4/20/2024,1,667670,Brent Rooker,4,Y,LF,42 N LR 6-7 1% outdoor
184,OAK,4/20/2024,1,647351,Abraham Toro,5,Y,DH,42 N LR 6-7 1% outdoor
185,OAK,4/20/2024,1,669127,Shea Langeliers,6,Y,C,42 N LR 6-7 1% outdoor
186,OAK,4/20/2024,1,676116,Ryan Noda,7,Y,1B,42 N LR 6-7 1% outdoor
187,OAK,4/20/2024,1,669397,Nick Allen,8,Y,SS,42 N LR 6-7 1% outdoor
188,OAK,4/20/2024,1,680474,Max Schuemann,9,Y,3B,42 N LR 6-7 1% outdoor
189,OAK,4/20/2024,1,622072,Alex Wood,SP,Y,,42 N LR 6-7 1% outdoor
190,CLE,4/20/2024,1,680757,Steven Kwan,1,Y,LF,42 N LR 6-7 1% outdoor
191,CLE,4/20/2024,1,681807,David Fry,2,Y,1B,42 N LR 6-7 1% outdoor
192,CLE,4/20/2024,1,608070,Jose Ramirez,3,Y,3B,42 N LR 6-7 1% outdoor
193,CLE,4/20/2024,1,647304,Josh Naylor,4,Y,DH,42 N LR 6-7 1% outdoor
194,CLE,4/20/2024,1,657656,Ramon Laureano,5,Y,RF,42 N LR 6-7 1% outdoor
195,CLE,4/20/2024,1,671289,Tyler Freeman,6,Y,CF,42 N LR 6-7 1% outdoor
196,CLE,4/20/2024,1,672356,Gabriel Arias,7,Y,2B,42 N LR 6-7 1% outdoor
197,CLE,4/20/2024,1,595978,Austin Hedges,8,Y,C,42 N LR 6-7 1% outdoor
198,CLE,4/20/2024,1,677587,Brayan Rocchio,9,Y,SS,42 N LR 6-7 1% outdoor
199,CLE,4/20/2024,1,671106,Logan Allen,SP,Y,,42 N LR 6-7 1% outdoor
200,LAA,4/20/2024,1,543685,Anthony Rendon,1,Y,3B,44 O CF 5-6 0% outdoor
201,LAA,4/20/2024,1,545361,Mike Trout,2,Y,CF,44 O CF 5-6 0% outdoor
202,LAA,4/20/2024,1,621493,Taylor Ward,3,Y,LF,44 O CF 5-6 0% outdoor
203,LAA,4/20/2024,1,593934,Miguel Sano,4,Y,DH,44 O CF 5-6 0% outdoor
204,LAA,4/20/2024,1,592273,Brandon Drury,5,Y,2B,44 O CF 5-6 0% outdoor
205,LAA,4/20/2024,1,666160,Mickey Moniak,6,Y,RF,44 O CF 5-6 0% outdoor
206,LAA,4/20/2024,1,650859,Luis Rengifo,7,Y,SS,44 O CF 5-6 0% outdoor
207,LAA,4/20/2024,1,681351,Logan O'Hoppe,8,Y,C,44 O CF 5-6 0% outdoor
208,LAA,4/20/2024,1,694384,Nolan Schanuel,9,Y,1B,44 O CF 5-6 0% outdoor
209,LAA,4/20/2024,1,663776,Patrick Sandoval,SP,Y,,44 O CF 5-6 0% outdoor
210,CIN,4/20/2024,1,663697,Jonathan India,1,Y,DH,44 O CF 5-6 0% outdoor
211,CIN,4/20/2024,1,668715,Spencer Steer,2,Y,LF,44 O CF 5-6 0% outdoor
212,CIN,4/20/2024,1,656413,Stuart Fairchild,3,Y,CF,44 O CF 5-6 0% outdoor
213,CIN,4/20/2024,1,600869,Jeimer Candelario,4,Y,3B,44 O CF 5-6 0% outdoor
214,CIN,4/20/2024,1,687952,Christian Encarnacion-Strand,5,Y,1B,44 O CF 5-6 0% outdoor
215,CIN,4/20/2024,1,682829,Elly De La Cruz,6,Y,SS,44 O CF 5-6 0% outdoor
216,CIN,4/20/2024,1,663886,Tyler Stephenson,7,Y,C,44 O CF 5-6 0% outdoor
217,CIN,4/20/2024,1,669289,Santiago Espinal,8,Y,2B,44 O CF 5-6 0% outdoor
218,CIN,4/20/2024,1,669352,Bubba Thompson,9,Y,RF,44 O CF 5-6 0% outdoor
219,CIN,4/20/2024,1,668933,Graham Ashcraft,SP,Y,,44 O CF 5-6 0% outdoor
220,BAL,4/20/2024,1,683002,Gunnar Henderson,1,Y,SS,44 N LR 5-6 3% outdoor
221,BAL,4/20/2024,1,668939,Adley Rutschman,2,Y,DH,44 N LR 5-6 3% outdoor
222,BAL,4/20/2024,1,663624,Ryan Mountcastle,3,Y,1B,44 N LR 5-6 3% outdoor
223,BAL,4/20/2024,1,623993,Anthony Santander,4,Y,RF,44 N LR 5-6 3% outdoor
224,BAL,4/20/2024,1,676059,Jordan Westburg,5,Y,2B,44 N LR 5-6 3% outdoor
225,BAL,4/20/2024,1,669720,Austin Hays,6,Y,LF,44 N LR 5-6 3% outdoor
226,BAL,4/20/2024,1,602104,Ramon Urias,7,Y,3B,44 N LR 5-6 3% outdoor
227,BAL,4/20/2024,1,543510,James McCann,8,Y,C,44 N LR 5-6 3% outdoor
228,BAL,4/20/2024,1,622761,Jorge Mateo,9,Y,CF,44 N LR 5-6 3% outdoor
229,BAL,4/20/2024,1,669203,Corbin Burnes,SP,Y,,44 N LR 5-6 3% outdoor
230,KC,4/20/2024,1,672580,Maikel Garcia,1,Y,3B,44 N LR 5-6 3% outdoor
231,KC,4/20/2024,1,677951,Bobby Witt Jr.,2,Y,SS,44 N LR 5-6 3% outdoor
232,KC,4/20/2024,1,686469,Vinnie Pasquantino,3,Y,1B,44 N LR 5-6 3% outdoor
233,KC,4/20/2024,1,521692,Salvador Perez,4,Y,C,44 N LR 5-6 3% outdoor
234,KC,4/20/2024,1,669004,MJ Melendez,5,Y,LF,44 N LR 5-6 3% outdoor
235,KC,4/20/2024,1,676369,Nelson Velazquez,6,Y,DH,44 N LR 5-6 3% outdoor
236,KC,4/20/2024,1,686681,Michael Massey,7,Y,2B,44 N LR 5-6 3% outdoor
237,KC,4/20/2024,1,592669,Hunter Renfroe,8,Y,RF,44 N LR 5-6 3% outdoor
238,KC,4/20/2024,1,664728,Kyle Isbel,9,Y,CF,44 N LR 5-6 3% outdoor
239,KC,4/20/2024,1,666142,Cole Ragans,SP,Y,,44 N LR 5-6 3% outdoor
240,TEX,4/20/2024,1,543760,Marcus Semien,1,Y,2B,62 O LF 5-10 60% outdoor
241,TEX,4/20/2024,1,608369,Corey Seager,2,Y,SS,62 O LF 5-10 60% outdoor
242,TEX,4/20/2024,1,694497,Evan Carter,3,Y,LF,62 O LF 5-10 60% outdoor
243,TEX,4/20/2024,1,666969,Adolis Garcia,4,Y,RF,62 O LF 5-10 60% outdoor
244,TEX,4/20/2024,1,663993,Nathaniel Lowe,5,Y,1B,62 O LF 5-10 60% outdoor
245,TEX,4/20/2024,1,669701,Josh Smith,6,Y,3B,62 O LF 5-10 60% outdoor
246,TEX,4/20/2024,1,694671,Wyatt Langford,7,Y,DH,62 O LF 5-10 60% outdoor
247,TEX,4/20/2024,1,668800,Andrew Knizner,8,Y,C,62 O LF 5-10 60% outdoor
248,TEX,4/20/2024,1,665750,Leody Taveras,9,Y,CF,62 O LF 5-10 60% outdoor
249,TEX,4/20/2024,1,543135,Nathan Eovaldi,SP,Y,,62 O LF 5-10 60% outdoor
250,ATL,4/20/2024,1,660670,Ronald Acuna,1,Y,RF,62 O LF 5-10 60% outdoor
251,ATL,4/20/2024,1,671739,Michael Harris,2,Y,CF,62 O LF 5-10 60% outdoor
252,ATL,4/20/2024,1,663586,Austin Riley,3,Y,3B,62 O LF 5-10 60% outdoor
253,ATL,4/20/2024,1,621566,Matt Olson,4,Y,1B,62 O LF 5-10 60% outdoor
254,ATL,4/20/2024,1,542303,Marcell Ozuna,5,Y,DH,62 O LF 5-10 60% outdoor
255,ATL,4/20/2024,1,606115,Orlando Arcia,6,Y,SS,62 O LF 5-10 60% outdoor
256,ATL,4/20/2024,1,518595,Travis d'Arnaud,7,Y,C,62 O LF 5-10 60% outdoor
257,ATL,4/20/2024,1,672284,Jarred Kelenic,8,Y,LF,62 O LF 5-10 60% outdoor
258,ATL,4/20/2024,1,641645,Luis Guillorme,9,Y,2B,62 O LF 5-10 60% outdoor
259,ATL,4/20/2024,1,450203,Charlie Morton,SP,Y,,62 O LF 5-10 60% outdoor
260,MIA,4/20/2024,2,650333,Luis Arraez,1,Y,1B,41 N LR 10-10 2% outdoor
261,MIA,4/20/2024,2,650559,Bryan De La Cruz,2,Y,LF,41 N LR 10-10 2% outdoor
262,MIA,4/20/2024,2,605137,Josh Bell,3,Y,1B,41 N LR 10-10 2% outdoor
263,MIA,4/20/2024,2,641313,Tim Anderson,4,Y,SS,41 N LR 10-10 2% outdoor
264,MIA,4/20/2024,2,665862,Jazz Chisholm,5,Y,CF,41 N LR 10-10 2% outdoor
265,MIA,4/20/2024,2,541645,Avisail Garcia,6,Y,RF,41 N LR 10-10 2% outdoor
266,MIA,4/20/2024,2,656896,Emmanuel Rivera,7,Y,3B,41 N LR 10-10 2% outdoor
267,MIA,4/20/2024,2,672640,Otto Lopez,8,Y,2B,41 N LR 10-10 2% outdoor
268,MIA,4/20/2024,2,640902,Jhonny Pereda,9,Y,C,41 N LR 10-10 2% outdoor
269,MIA,4/20/2024,2,682610,Roddery Munoz,SP,Y,,41 N LR 10-10 2% outdoor
270,CHC,4/20/2024,2,663538,Nico Hoerner,1,Y,2B,41 N LR 10-10 2% outdoor
271,CHC,4/20/2024,2,641355,Cody Bellinger,2,Y,CF,41 N LR 10-10 2% outdoor
272,CHC,4/20/2024,2,666624,Christopher Morel,3,Y,3B,41 N LR 10-10 2% outdoor
273,CHC,4/20/2024,2,683737,Michael Busch,4,Y,1B,41 N LR 10-10 2% outdoor
274,CHC,4/20/2024,2,643265,Garrett Cooper,5,Y,1B,41 N LR 10-10 2% outdoor
275,CHC,4/20/2024,2,643565,Mike Tauchman,6,Y,CF,41 N LR 10-10 2% outdoor
276,CHC,4/20/2024,2,663611,Nick Madrigal,7,Y,3B,41 N LR 10-10 2% outdoor
277,CHC,4/20/2024,2,543228,Yan Gomes,8,Y,C,41 N LR 10-10 2% outdoor
278,CHC,4/20/2024,2,672744,Alexander Canario,9,Y,LF,41 N LR 10-10 2% outdoor
279,CHC,4/20/2024,2,684007,Shota Imanaga,SP,Y,,41 N LR 10-10 2% outdoor
280,SEA,4/20/2024,1,641487,J.P. Crawford,1,Y,SS,36 I RF 5-6 19% outdoor
281,SEA,4/20/2024,1,677594,Julio Rodriguez,2,Y,CF,36 I RF 5-6 19% outdoor
282,SEA,4/20/2024,1,593871,Jorge Polanco,3,Y,2B,36 I RF 5-6 19% outdoor
283,SEA,4/20/2024,1,571745,Mitch Haniger,4,Y,RF,36 I RF 5-6 19% outdoor
284,SEA,4/20/2024,1,663728,Cal Raleigh,5,Y,C,36 I RF 5-6 19% outdoor
285,SEA,4/20/2024,1,664034,Ty France,6,Y,1B,36 I RF 5-6 19% outdoor
286,SEA,4/20/2024,1,641598,Mitch Garver,7,Y,DH,36 I RF 5-6 19% outdoor
287,SEA,4/20/2024,1,682729,Jonatan Clase,8,Y,LF,36 I RF 5-6 19% outdoor
288,SEA,4/20/2024,1,668942,Josh Rojas,9,Y,3B,36 I RF 5-6 19% outdoor
289,SEA,4/20/2024,1,622491,Luis Castillo,SP,Y,,36 I RF 5-6 19% outdoor
290,COL,4/20/2024,1,453568,Charlie Blackmon,1,Y,DH,36 I RF 5-6 19% outdoor
291,COL,4/20/2024,1,678662,Ezequiel Tovar,2,Y,SS,36 I RF 5-6 19% outdoor
292,COL,4/20/2024,1,641857,Ryan McMahon,3,Y,3B,36 I RF 5-6 19% outdoor
293,COL,4/20/2024,1,553869,Elias Diaz,4,Y,C,36 I RF 5-6 19% outdoor
294,COL,4/20/2024,1,660707,Elehuris Montero,5,Y,1B,36 I RF 5-6 19% outdoor
295,COL,4/20/2024,1,666134,Nolan Jones,6,Y,LF,36 I RF 5-6 19% outdoor
296,COL,4/20/2024,1,686668,Brenton Doyle,7,Y,CF,36 I RF 5-6 19% outdoor
297,COL,4/20/2024,1,656248,Sean Bouchard,8,Y,RF,36 I RF 5-6 19% outdoor
298,COL,4/20/2024,1,676701,Alan Trejo,9,Y,2B,36 I RF 5-6 19% outdoor
299,COL,4/20/2024,1,641712,Dakota Hudson,SP,Y,,36 I RF 5-6 19% outdoor
300,TOR,4/20/2024,1,543807,George Springer,1,Y,RF,61 N LR 0-5 0% outdoor
301,TOR,4/20/2024,1,665489,Vladimir Guerrero,2,Y,1B,61 N LR 0-5 0% outdoor
302,TOR,4/20/2024,1,666182,Bo Bichette,3,Y,SS,61 N LR 0-5 0% outdoor
303,TOR,4/20/2024,1,457759,Justin Turner,4,Y,DH,61 N LR 0-5 0% outdoor
304,TOR,4/20/2024,1,662139,Daulton Varsho,5,Y,LF,61 N LR 0-5 0% outdoor
305,TOR,4/20/2024,1,672386,Alejandro Kirk,6,Y,C,61 N LR 0-5 0% outdoor
306,TOR,4/20/2024,1,624415,Cavan Biggio,7,Y,2B,61 N LR 0-5 0% outdoor
307,TOR,4/20/2024,1,643396,Isiah Kiner-Falefa,8,Y,3B,61 N LR 0-5 0% outdoor
308,TOR,4/20/2024,1,595281,Kevin Kiermaier,9,Y,CF,61 N LR 0-5 0% outdoor
309,TOR,4/20/2024,1,621244,Jose Berrios,SP,Y,,61 N LR 0-5 0% outdoor
310,SD,4/20/2024,1,593428,Xander Bogaerts,1,Y,2B,61 N LR 0-5 0% outdoor
311,SD,4/20/2024,1,665487,Fernando Tatis Jr,2,Y,RF,61 N LR 0-5 0% outdoor
312,SD,4/20/2024,1,630105,Jake Cronenworth,3,Y,1B,61 N LR 0-5 0% outdoor
313,SD,4/20/2024,1,592518,Manny Machado,4,Y,DH,61 N LR 0-5 0% outdoor
314,SD,4/20/2024,1,595777,Jurickson Profar,5,Y,LF,61 N LR 0-5 0% outdoor
315,SD,4/20/2024,1,673490,Ha-seong Kim,6,Y,SS,61 N LR 0-5 0% outdoor
316,SD,4/20/2024,1,701538,Jackson Merrill,7,Y,CF,61 N LR 0-5 0% outdoor
317,SD,4/20/2024,1,669134,Luis Campusano,8,Y,C,61 N LR 0-5 0% outdoor
318,SD,4/20/2024,1,688363,Graham Pauley,9,Y,3B,61 N LR 0-5 0% outdoor
319,SD,4/20/2024,1,681190,Randy Vasquez,SP,Y,,61 N LR 0-5 0% outdoor
