,Game_ID,Date,Home,Away,Game_Number,Home_ML,Away_ML,Home_Win_Prob,Away_Win_Prob,Home_EV,Away_EV,Home_Runs,Away_Runs,Bet_Home,Bet_Away,Win_Bet,Return,Result,Home_Kelly,Away_Kelly,Bet_Kelly,Return_Kelly,Result_Kelly,Bet_Kelly_Units,Result_Kelly_Units
85,MIN-KC-20240328-1,2024-03-28,KC,MIN,1.0,2.1399999999999997,1.8,0.34587768,0.65412235,-0.2563630238175392,0.1774202346801757,1,4,0.0,1.0,1,1.8,0.8,-0.2279138550877194,0.22177524999999995,0.22177524999999995,0.3991954499999999,0.17742019999999994,4.435504999999999,3.548403999999999
86,NYY-HOU-20240328-1,2024-03-28,HOU,NYY,1.0,1.6993006993006992,2.29,0.46724716,0.5327529,-0.2060066069756355,0.2253316044807433,4,5,0.0,1.0,1,2.29,1.29,-0.2945894870000001,0.1705457992248062,0.1705457992248062,0.3905498802248062,0.220004081,3.410915984496124,4.40008162
87,PIT-MIA-20240328-1,2024-03-28,MIA,PIT,1.0,1.819672131147541,2.1100000000000003,0.45731646,0.54268354,-0.1678339858524135,0.1450622731447222,5,6,0.0,1.0,1,2.1100000000000003,1.1100000000000003,-0.20475745879999996,0.1306867291891893,0.1306867291891893,0.2757489985891895,0.1450622694000002,2.6137345837837858,2.9012453880000035
88,BOS-SEA-20240328-1,2024-03-28,SEA,BOS,1.0,1.6993006993006992,2.29,0.5169381,0.4830619,-0.1215667416165759,0.1110423922538756,4,6,0.0,1.0,1,2.29,1.29,-0.17384041700000014,0.08233469069767443,0.08233469069767443,0.18854644169767446,0.10621175100000002,1.6466938139534886,2.1242350200000004
89,COL-ARI-20240328-1,2024-03-28,ARI,COL,1.0,1.4784688995215312,2.88,0.57451606,0.42548394,-0.1519048668089365,0.2253937530517578,16,1,0.0,1.0,0,0.0,-1.0,-0.31474537459999996,0.11989029106382976,0.11989029106382976,0.0,-0.11989029106382976,2.397805821276595,-2.397805821276595
144,NYY-HOU-20240329-1,2024-03-29,HOU,NYY,1.0,1.847457627118644,2.08,0.3440222,0.6559778,-0.3644335360850318,0.3644337940216064,1,7,0.0,1.0,1,2.08,1.08,-0.4300316040000001,0.25,0.25,0.52,0.27,5.0,5.4
142,ATL-PHI-20240329-1,2024-03-29,PHI,ATL,1.0,2.1799999999999997,1.78125,0.58426106,0.41573894,0.2736891102790834,-0.2594650126993656,3,9,1.0,0.0,0,0.0,-1.0,0.23193992440677955,-0.33211521679999995,0.23193992440677955,0.0,-0.23193992440677955,4.638798488135591,-4.638798488135591
143,PIT-MIA-20240329-1,2024-03-29,MIA,PIT,1.0,1.72992700729927,2.25,0.44447985,0.5555202,-0.2334333269492439,0.2499203979969024,2,7,0.0,1.0,1,2.25,1.25,-0.316582824,0.19993632000000003,0.19993632000000003,0.44985672000000004,0.24992040000000001,3.9987264000000002,4.998408
51,ATL-PHI-20240330-1,2024-03-30,PHI,ATL,1.0,2.17,1.7575757575757576,0.37431332,0.62568665,-0.1877400556206703,0.099691679983428,4,12,0.0,1.0,1,1.7575757575757576,0.7575757575757576,-0.16046159452991454,0.1315930676,0.1315930676,0.2312847854787879,0.09969171787878789,2.631861352,1.9938343575757578
52,LAA-BAL-20240330-1,2024-03-30,BAL,LAA,1.0,1.6134969325153374,2.5,0.5746201,0.42537987,-0.0750017456892059,0.0634496808052063,13,4,0.0,1.0,0,0.0,-1.0,-0.11874908810000002,0.04229980333333335,0.04229980333333335,0.0,-0.04229980333333335,0.8459960666666669,-0.8459960666666669
53,MIN-KC-20240330-1,2024-03-30,KC,MIN,1.0,2.04,1.8620689655172413,0.42751878,0.5724812,-0.1278616786003112,0.0659995037933874,1,5,0.0,1.0,1,1.8620689655172413,0.8620689655172413,-0.1229439123076923,0.07655941520000004,0.07655941520000004,0.14255891106206903,0.06599949586206899,1.5311883040000007,1.3199899172413798
55,COL-ARI-20240330-1,2024-03-30,ARI,COL,1.0,1.5617977528089888,2.6100000000000003,0.5271791,0.47282088,-0.1783074020673442,0.2340624916553498,4,9,0.0,1.0,1,2.6100000000000003,1.6100000000000003,-0.3144420663999999,0.14538044521739135,0.14538044521739135,0.37944296201739147,0.23406251680000012,2.907608904347827,4.681250336000002
56,BOS-SEA-20240330-1,2024-03-30,SEA,BOS,1.0,1.6802721088435373,2.34,0.44339615,0.55660385,-0.2549738141955162,0.302453006505966,4,3,0.0,1.0,0,0.0,-1.0,-0.3748115095000002,0.22571120074626863,0.22571120074626863,0.0,-0.22571120074626863,4.5142240149253725,-4.5142240149253725
54,PIT-MIA-20240330-1,2024-03-30,MIA,PIT,1.0,1.970873786407767,1.9433962264150944,0.43733415,0.5626658,-0.1421522142795415,0.0934826315573926,3,9,0.0,1.0,1,1.9433962264150944,0.9433962264150944,-0.14221162399999998,0.09909160100000003,0.09909160100000003,0.19257424345283025,0.09348264245283022,1.9818320200000006,1.8696528490566044
161,LAA-BAL-20240331-1,2024-03-31,BAL,LAA,1.0,1.7352941176470589,2.25,0.507493,0.49250698,-0.1193503492018755,0.1081407070159912,1,4,0.0,1.0,1,2.25,1.25,-0.16231649279999996,0.08651258000000003,0.08651258000000003,0.19465330500000008,0.10814072500000005,1.7302516000000006,2.162814500000001
162,TOR-TB-20240331-1,2024-03-31,TB,TOR,1.0,2.02,1.8849557522123894,0.42162785,0.5783721,-0.1440954360365868,0.0902058561291313,2,9,0.0,1.0,1,1.8849557522123894,0.8849557522123894,-0.1454036205882352,0.1019326294999999,0.1019326294999999,0.1921384963141591,0.09020586681415921,2.0386525899999977,1.8041173362831842
163,MIN-KC-20240331-1,2024-03-31,KC,MIN,1.0,2.04,1.8620689655172413,0.3632819,0.6367181,-0.2552720934152603,0.1809215937924181,11,0,0.0,1.0,0,0.0,-1.0,-0.24894704230769224,0.21531109599999998,0.21531109599999998,0.0,-0.21531109599999998,4.30622192,-4.30622192
164,CLE-OAK-20240331-1,2024-03-31,OAK,CLE,1.0,2.08,1.847457627118644,0.35059753,0.6494025,-0.270757166147232,0.1997436002149419,4,3,0.0,1.0,0,0.0,-1.0,-0.25070108111111106,0.2356974146,0.2356974146,0.0,-0.2356974146,4.7139482919999995,-4.7139482919999995
166,STL-LAD-20240331-1,2024-03-31,LAD,STL,1.0,1.6329113924050633,2.4299999999999997,0.5054169,0.49458307,-0.1746989375428309,0.2018368607759476,5,4,0.0,1.0,0,0.0,-1.0,-0.27602435059999997,0.14114467839160838,0.14114467839160838,0.0,-0.14114467839160838,2.8228935678321676,-2.8228935678321676
165,BOS-SEA-20240331-1,2024-03-31,SEA,BOS,1.0,1.9090909090909092,1.99009900990099,0.43027964,0.5697204,-0.1820810700322056,0.1337999790021689,1,5,0.0,1.0,1,1.99009900990099,0.9900990099009901,-0.19641279999999997,0.13513796359999997,0.13513796359999997,0.268937927560396,0.133799963960396,2.7027592719999993,2.67599927920792
31,KC-BAL-20240401-1,2024-04-01,BAL,KC,1.0,1.6451612903225805,2.4,0.6221473,0.37785268,0.0235326905404365,-0.0931535720825196,6,4,1.0,0.0,1,1.6451612903225805,0.6451612903225805,0.036475645999999855,-0.06653824857142855,0.036475645999999855,0.06000832083870943,0.023532674838709577,0.729512919999997,0.47065349677419155
37,NYY-ARI-20240401-1,2024-04-01,ARI,NYY,1.0,2.04,1.8695652173913042,0.3865968,0.6134032,-0.2074765622615815,0.1467972890190454,2,5,0.0,1.0,1,1.8695652173913042,0.8695652173913042,-0.20321396923076926,0.16881687999999995,0.16881687999999995,0.3156141669565216,0.14679728695652167,3.376337599999999,2.935945739130433
36,CLE-SEA-20240401-1,2024-04-01,SEA,CLE,1.0,1.99009900990099,1.8928571428571428,0.66498506,0.33501494,0.3233861108817676,-0.3658645791666848,5,4,1.0,0.0,1,1.99009900990099,0.9900990099009901,0.25,-0.4097683272000001,0.25,0.4975247524752475,0.24752475247524752,5.0,4.9504950495049505
35,TOR-HOU-20240401-1,2024-04-01,HOU,TOR,1.0,1.704225352112676,2.29,0.44289553,0.55710447,-0.245206206617221,0.2813402771949767,10,0,0.0,1.0,0,0.0,-1.0,-0.34819281739999997,0.21377460178294572,0.21377460178294572,0.0,-0.21377460178294572,4.275492035658914,-4.275492035658914
34,DET-NYM-20240401-1,2024-04-01,NYM,DET,1.0,1.7462686567164178,2.2,0.51844347,0.48155653,-0.0946584263844276,0.059424376487732,0,5,0.0,1.0,1,2.2,1.2000000000000002,-0.12684228020000002,0.049520305,0.049520305,0.108944671,0.059424366000000006,0.9904061,1.1884873200000001
33,LAA-MIA-20240401-1,2024-04-01,MIA,LAA,1.0,1.9433962264150944,1.970873786407767,0.61203885,0.38796115,0.1840377767509391,-0.2353775408661481,4,7,1.0,0.0,0,0.0,-1.0,0.200800031,-0.24243886550000004,0.200800031,0.0,-0.200800031,4.01600062,-4.01600062
32,CIN-PHI-20240401-1,2024-04-01,PHI,CIN,1.0,1.6993006993006992,2.31,0.5221269,0.4778731,-0.1127493714952803,0.1038868308067322,3,6,0.0,1.0,1,2.31,1.31,-0.1612316330000002,0.07930294732824436,0.07930294732824436,0.18318980832824447,0.10388686100000011,1.586058946564887,2.077737220000002
118,TOR-HOU-20240402-1,2024-04-02,HOU,TOR,1.0,1.6993006993006992,2.27,0.50017077,0.49982923,-0.1500594653449692,0.1396106505393981,1,2,0.0,1.0,1,2.27,1.27,-0.2145850289000002,0.10599397803149606,0.10599397803149606,0.24060633013149604,0.1346123521,2.1198795606299212,2.692247042
116,LAA-MIA-20240402-1,2024-04-02,MIA,LAA,1.0,1.7194244604316546,2.24,0.526408,0.47359198,-0.0975862571171351,0.0608460426330567,1,3,0.0,1.0,1,2.24,1.2400000000000002,-0.1318848522000001,0.04906939935483886,0.04906939935483886,0.10991545455483906,0.0608460552000002,0.9813879870967771,1.2169211040000039
114,KC-BAL-20240402-1,2024-04-02,BAL,KC,1.0,1.641025641025641,2.41,0.5561658,0.4438342,-0.087317637908153,0.0696403872966766,1,4,0.0,1.0,1,2.41,1.4100000000000001,-0.13621555200000002,0.049390370212766016,0.049390370212766016,0.1190307922127661,0.06964042200000009,0.9878074042553203,1.3928084400000018
115,CIN-PHI-20240402-1,2024-04-02,PHI,CIN,1.0,1.7352941176470589,2.25,0.49935496,0.50064504,-0.1334722778376411,0.1264513432979583,9,4,0.0,1.0,0,0.0,-1.0,-0.18152229439999992,0.10116107200000002,0.10116107200000002,0.0,-0.10116107200000002,2.0232214400000004,-2.0232214400000004
121,NYY-ARI-20240402-1,2024-04-02,ARI,NYY,1.0,1.9433962264150944,1.970873786407767,0.4023006,0.5976994,-0.2181705393881168,0.1724103689193726,7,0,0.0,1.0,0,0.0,-1.0,-0.23126076399999995,0.183329782,0.183329782,0.0,-0.183329782,3.6665956399999997,-3.6665956399999997
120,CLE-SEA-20240402-1,2024-04-02,SEA,CLE,1.0,1.8928571428571428,2.02,0.39089155,0.60910845,-0.2600981337683541,0.2303990650177002,2,5,0.0,1.0,1,2.02,1.02,-0.29130991400000006,0.2258814401960785,0.2258814401960785,0.4562805091960786,0.2303990690000001,4.5176288039215695,4.607981380000002
119,BOS-OAK-20240402-1,2024-04-02,OAK,BOS,1.0,2.31,1.6944444444444444,0.4787087,0.52129126,0.1058171597123146,-0.1167009274164835,4,5,1.0,0.0,0,0.0,-1.0,0.08077644045801523,-0.168049268,0.08077644045801523,0.0,-0.08077644045801523,1.6155288091603044,-1.6155288091603044
117,COL-CHC-20240402-1,2024-04-02,CHC,COL,1.0,1.5714285714285714,2.58,0.4676043,0.5323957,-0.2651932580130441,0.3735809588432313,12,2,0.0,1.0,0,0.0,-1.0,-0.4640881750000001,0.23644361139240516,0.23644361139240516,0.0,-0.23644361139240516,4.728872227848103,-4.728872227848103
13,LAA-MIA-20240403-1,2024-04-03,MIA,LAA,1.0,1.8928571428571428,2.0,0.5476059,0.45239413,0.0365396865776606,-0.0952117443084716,2,10,1.0,0.0,0,0.0,-1.0,0.04092447439999991,-0.09521176999999997,0.04092447439999991,0.0,-0.04092447439999991,0.8184894879999982,-0.8184894879999982
16,TOR-HOU-20240403-1,2024-04-03,HOU,TOR,1.0,1.6756756756756757,2.34,0.49854353,0.5014565,-0.1646027621385213,0.1734082078933715,8,0,0.0,1.0,0,0.0,-1.0,-0.24361208999999998,0.1294090895522387,0.1294090895522387,0.0,-0.1294090895522387,2.5881817910447737,-2.5881817910447737
15,CIN-PHI-20240403-1,2024-04-03,PHI,CIN,1.0,1.5714285714285714,2.54,0.5490033,0.4509967,-0.139063002033667,0.150041577219963,1,4,0.0,1.0,1,2.54,1.54,-0.24024092500000002,0.09450105064935066,0.09450105064935066,0.2400326686493507,0.14553161800000003,1.8900210129870132,2.9106323600000006
14,NYY-ARI-20240403-1,2024-04-03,ARI,NYY,1.0,2.08,1.847457627118644,0.4836865,0.5163135,0.0109047991037367,-0.0498096216626527,5,6,1.0,0.0,0,0.0,-1.0,0.005618444444444551,-0.05443657000000007,0.005618444444444551,0.0,-0.005618444444444551,0.11236888888889102,-0.11236888888889102
84,CHW-KC-20240404-1,2024-04-04,KC,CHW,1.0,1.5524861878453038,2.6399999999999997,0.57664526,0.42335474,-0.1047662061880965,0.1176565265655518,10,1,0.0,1.0,0,0.0,-1.0,-0.18962681940000004,0.07174177658536578,0.07174177658536578,0.0,-0.07174177658536578,1.4348355317073154,-1.4348355317073154
83,MIA-STL-20240404-1,2024-04-04,STL,MIA,1.0,1.7142857142857144,2.27,0.6480938,0.35190618,0.1077348264396614,-0.2011729705333709,8,5,1.0,0.0,1,1.7142857142857144,0.7142857142857144,0.1554251480000001,-0.1584038987401575,0.1554251480000001,0.26644311085714306,0.11101796285714297,3.108502960000002,2.220359257142859
82,DET-NYM-20240404-2,2024-04-04,NYM,DET,2.0,1.7194244604316546,2.29,0.5256819,0.4743181,-0.0988310064588273,0.0861884194612503,2,1,0.0,1.0,0,0.0,-1.0,-0.133620259,0.0668127511627907,0.0668127511627907,0.0,-0.0668127511627907,1.336255023255814,-1.336255023255814
202,BOS-LAA-20240405-1,2024-04-05,LAA,BOS,1.0,1.970873786407767,1.9345794392523366,0.4242424242424282,0.5757575757575718,-0.1638717269785153,0.1088664421997679,6,8,0.0,1.0,1,1.9345794392523366,0.9345794392523366,-0.16878787878787077,0.1218181818181737,0.1218181818181737,0.23566694987254164,0.11384876805436794,2.4363636363634735,2.276975361087359
199,TB-COL-20240405-1,2024-04-05,COL,TB,1.0,2.45,1.62111801242236,0.2000000000000017,0.7999999999999983,-0.5099999999999957,0.2938271604938244,10,7,0.0,1.0,0,0.0,-1.0,-0.3517241379310315,0.25,0.25,0.0,-0.25,5.0,-5.0
198,LAD-CHC-20240405-1,2024-04-05,CHC,LAD,1.0,2.5700000000000003,1.5780346820809248,0.4375,0.5625,0.1243750000000001,-0.1123554913294798,9,7,1.0,0.0,1,2.5700000000000003,1.5700000000000003,0.07921974522293,-0.19437500000000008,0.07921974522293,0.20359474522293014,0.12437500000000014,1.5843949044585999,2.4875000000000025
200,BAL-PIT-20240405-1,2024-04-05,PIT,BAL,1.0,2.04,1.8620689655172413,0.2000000000000017,0.7999999999999983,-0.5899999999999964,0.4896551724137896,2,5,0.0,1.0,1,1.8620689655172413,0.8620689655172413,-0.5692307692307659,0.25,0.25,0.46551724137931033,0.21551724137931033,5.0,4.310344827586206
201,ARI-ATL-20240405-1,2024-04-05,ATL,ARI,1.0,1.3236245954692556,3.52,0.7829457364341046,0.2170542635658954,0.03632623366197,-0.2337984496123892,6,5,1.0,0.0,1,1.3236245954692556,0.3236245954692556,0.11224806201548755,-0.09363848898732069,0.11224806201548755,0.1485742956774576,0.03632623366197006,2.2449612403097507,0.7265246732394012
93,NYM-CIN-20240406-1,2024-04-06,CIN,NYM,1.0,1.8620689655172413,2.0700000000000003,0.5,0.5,-0.0726495726495726,0.0350000000000001,9,6,0.0,1.0,0,0.0,-1.0,-0.08000000000000003,0.0327102803738319,0.0327102803738319,0.0,-0.0327102803738319,0.6542056074766379,-0.6542056074766379
94,TOR-NYY-20240406-1,2024-04-06,NYY,TOR,1.0,1.847457627118644,2.08,0.4242424242424282,0.5757575757575718,-0.2192513368983883,0.203333333333325,9,8,0.0,1.0,0,0.0,-1.0,-0.2551515151515066,0.18294051627384203,0.18294051627384203,0.0,-0.18294051627384203,3.6588103254768405,-3.6588103254768405
90,CLE-MIN-20240406-1,2024-04-06,MIN,CLE,1.0,1.606060606060606,2.48,0.5420711974109989,0.4579288025890011,-0.1294008041580928,0.1356634304207228,1,3,0.0,1.0,1,2.48,1.48,-0.21351132686085306,0.09166448001400183,0.09166448001400183,0.22732791043472456,0.1356634304207227,1.8332896002800365,2.713268608414454
91,MIA-STL-20240406-1,2024-04-06,STL,MIA,1.0,1.6993006993006992,2.29,0.5420711974109989,0.4579288025890011,-0.0788580351687223,0.0532362459547025,3,1,0.0,1.0,0,0.0,-1.0,-0.11276699029127284,0.03771857203783917,0.03771857203783917,0.0,-0.03771857203783917,0.7543714407567833,-0.7543714407567833
95,CHW-KC-20240406-1,2024-04-06,KC,CHW,1.0,1.4444444444444444,2.92,0.5420711974109989,0.4579288025890011,-0.217008270406335,0.3371521035598833,3,0,0.0,1.0,0,0.0,-1.0,-0.4882686084142536,0.1756000539374392,0.1756000539374392,0.0,-0.1756000539374392,3.5120010787487836,-3.5120010787487836
98,BOS-LAA-20240406-1,2024-04-06,LAA,BOS,1.0,1.8695652173913042,2.06,0.5420711974109989,0.4579288025890011,0.0134374560292585,-0.0566666666666575,2,1,1.0,0.0,1,1.8695652173913042,0.8695652173913042,0.015453074433647532,-0.053459119496846834,0.015453074433647532,0.028890530462906253,0.01343745602925872,0.30906148867295063,0.2687491205851744
96,ARI-ATL-20240406-1,2024-04-06,ATL,ARI,1.0,1.5128205128205128,2.73,0.8225806451612847,0.1774193548387153,0.244416873449123,-0.5156451612903072,9,8,1.0,0.0,1,1.5128205128205128,0.5128205128205128,0.25,-0.29806078687300996,0.25,0.3782051282051282,0.1282051282051282,5.0,2.564102564102564
97,TB-COL-20240406-1,2024-04-06,COL,TB,1.0,2.19,1.7692307692307692,0.4242424242424282,0.5757575757575718,-0.0709090909090822,0.0186480186480116,6,8,0.0,1.0,1,1.7692307692307692,0.7692307692307692,-0.05958747135216997,0.024242424242415125,0.024242424242415125,0.042890442890426754,0.01864801864801163,0.48484848484830245,0.37296037296023254
92,LAD-CHC-20240406-1,2024-04-06,CHC,LAD,1.0,2.3200000000000003,1.6896551724137931,0.5500000000000052,0.4499999999999948,0.2760000000000121,-0.2396551724138018,1,4,1.0,0.0,0,0.0,-1.0,0.20909090909091826,-0.3475000000000126,0.20909090909091826,0.0,-0.20909090909091826,4.181818181818365,-4.181818181818365
152,BAL-PIT-20240407-1,2024-04-07,PIT,BAL,1.0,2.02,1.8928571428571428,0.6363636363636307,0.3636363636363693,0.2854545454545339,-0.3116883116883009,3,2,1.0,0.0,1,2.02,1.02,0.25,-0.34909090909089713,0.25,0.505,0.255,5.0,5.1
155,CHW-KC-20240407-1,2024-04-07,KC,CHW,1.0,1.8130081300813008,2.1,1.0,0.0,0.8130081300813008,-1.0,5,3,1.0,0.0,1,1.8130081300813008,0.8130081300813008,0.25,-0.9090909090909091,0.25,0.4532520325203252,0.2032520325203252,5.0,4.0650406504065035
154,NYM-CIN-20240407-1,2024-04-07,CIN,NYM,1.0,2.02,1.8620689655172413,0.4375,0.5625,-0.111875,0.0474137931034481,1,3,0.0,1.0,1,1.8620689655172413,0.8620689655172413,-0.11397058823529409,0.05499999999999995,0.05499999999999995,0.10241379310344818,0.04741379310344823,1.099999999999999,0.9482758620689646
156,MIA-STL-20240407-1,2024-04-07,STL,MIA,1.0,1.7194244604316546,2.27,0.5420711974109989,0.4579288025890011,-0.0679495238760523,0.0394983818770325,3,10,0.0,1.0,1,2.27,1.27,-0.0944498381877127,0.03110108809215164,0.03110108809215164,0.07059946996918422,0.03949838187703258,0.6220217618430327,0.7899676375406515
157,LAD-CHC-20240407-1,2024-04-07,CHC,LAD,1.0,1.9433962264150944,1.9345794392523366,0.4375,0.5625,-0.1497641509433962,0.0833333333333333,8,1,0.0,1.0,0,0.0,-1.0,-0.15875,0.09437500000000008,0.09437500000000008,0.0,-0.09437500000000008,1.8875000000000015,-1.8875000000000015
158,TB-COL-20240407-1,2024-04-07,COL,TB,1.0,2.27,1.7194244604316546,0.2000000000000017,0.7999999999999983,-0.543999999999996,0.3755395683453207,2,3,0.0,1.0,1,1.7194244604316546,0.7194244604316546,-0.42992125984251656,0.25,0.25,0.42985611510791366,0.17985611510791366,5.0,3.597122302158273
159,BOS-LAA-20240407-1,2024-04-07,LAA,BOS,1.0,2.04,1.8695652173913042,0.6363636363636307,0.3636363636363693,0.3045454545454428,-0.3201581027667879,2,12,1.0,0.0,0,0.0,-1.0,0.25,-0.36818181818180606,0.25,0.0,-0.25,5.0,-5.0
153,TOR-NYY-20240407-1,2024-04-07,NYY,TOR,1.0,1.625,2.4299999999999997,0.6518987341772189,0.3481012658227811,0.0593354430379806,-0.1541139240506418,8,3,1.0,0.0,1,1.625,0.625,0.09493670886076906,-0.10777197486058883,0.09493670886076906,0.15427215189874974,0.059335443037980676,1.8987341772153812,1.1867088607596135
71,ARI-COL-20240408-1,2024-04-08,COL,ARI,1.0,2.52,1.5847953216374269,0.4242424242424282,0.5757575757575718,0.0733333333333432,-0.0894996476391887,7,5,1.0,0.0,1,2.52,1.52,0.04545454545455203,-0.1496969696969804,0.04545454545455203,0.1145454545454711,0.06909090909091908,0.9090909090910405,1.3818181818183817
70,LAD-MIN-20240408-1,2024-04-08,MIN,LAD,1.0,2.1799999999999997,1.7692307692307692,0.4242424242424282,0.5757575757575718,-0.0751515151515064,0.0186480186480116,2,4,0.0,1.0,1,1.7692307692307692,0.7692307692307692,-0.06368772470466666,0.024242424242415125,0.024242424242415125,0.042890442890426754,0.01864801864801163,0.48484848484830245,0.37296037296023254
69,NYM-ATL-20240408-1,2024-04-08,ATL,NYM,1.0,1.45662100456621,2.92,0.5420711974109989,0.4579288025890011,-0.2115328037658198,0.3371521035598833,7,8,0.0,1.0,1,2.92,1.92,-0.4607928802589136,0.1756000539374392,0.1756000539374392,0.5127521574973224,0.33715210355988323,3.5120010787487836,6.743042071197665
68,SEA-TOR-20240408-1,2024-04-08,TOR,SEA,1.0,1.8849557522123894,2.02,0.5420711974109989,0.4579288025890011,0.0217802216685198,-0.0704045307443277,5,2,1.0,0.0,1,1.8849557522123894,0.8849557522123894,0.02461165048542767,-0.07351354781393893,0.02461165048542767,0.04639187215394773,0.02178022166852006,0.4922330097085534,0.4356044333704012
67,MIA-NYY-20240408-1,2024-04-08,NYY,MIA,1.0,1.6802721088435373,2.34,0.5420711974109989,0.4579288025890011,-0.0891728859828795,0.0715533980582626,7,0,0.0,1.0,0,0.0,-1.0,-0.13108414239483285,0.053398058252434745,0.053398058252434745,0.0,-0.053398058252434745,1.0679611650486949,-1.0679611650486949
66,CHW-CLE-20240408-1,2024-04-08,CLE,CHW,1.0,1.4219409282700421,3.04,0.7829457364341046,0.2170542635658954,0.1133025872501822,-0.3401550387596779,4,0,1.0,0.0,1,1.4219409282700421,0.42194092827004215,0.25,-0.16674266605866567,0.25,0.35548523206751054,0.10548523206751054,5.0,2.1097046413502105
191,MIA-NYY-20240409-1,2024-04-09,NYY,MIA,1.0,1.4830917874396135,2.83,0.617759523323518,0.382240476676482,-0.0852407058478675,0.081740548994444,3,2,0.0,1.0,0,0.0,-1.0,-0.1734782633967998,0.044666966663630625,0.044666966663630625,0.0,-0.044666966663630625,0.8933393332726125,-0.8933393332726125
197,TB-LAA-20240409-1,2024-04-09,LAA,TB,1.0,2.04,1.8695652173913042,0.4213276639583956,0.5786723360416044,-0.1362782888852891,0.0818656717299558,4,6,0.0,1.0,1,1.8695652173913042,0.8695652173913042,-0.1350880437739163,0.09414552248944937,0.09414552248944937,0.1760111942194053,0.08186567172995594,1.8829104497889873,1.6373134345991187
196,ARI-COL-20240409-1,2024-04-09,COL,ARI,1.0,2.54,1.5555555555555556,0.4239402891381062,0.5760597108618938,0.0810477373021707,-0.103907116437054,2,3,1.0,0.0,0,0.0,-1.0,0.0498755418251882,-0.18703280958669735,0.0498755418251882,0.0,-0.0498755418251882,0.9975108365037639,-0.9975108365037639
192,SEA-TOR-20240409-1,2024-04-09,TOR,SEA,1.0,1.9174311926605505,1.970873786407767,0.5353826842131064,0.4646173157868936,0.0265594587205435,-0.0886352651872471,5,3,1.0,0.0,1,1.9174311926605505,0.9174311926605505,0.028949810005392467,-0.08682684895260602,0.028949810005392467,0.05550926872593601,0.026559458720543546,0.5789962001078494,0.5311891744108709
193,NYM-ATL-20240409-1,2024-04-09,ATL,NYM,1.0,1.5617977528089888,2.62,0.5674187412164623,0.4325812587835377,-0.113806685066424,0.1333628980128688,6,5,0.0,1.0,0,0.0,-1.0,-0.20257589941823478,0.0823227765511536,0.0823227765511536,0.0,-0.0823227765511536,1.6464555310230717,-1.6464555310230717
194,HOU-KC-20240409-1,2024-04-09,KC,HOU,1.0,2.0700000000000003,1.8620689655172413,0.4080776664677034,0.5919223335322966,-0.1552792304118538,0.0978388579188749,4,3,0.0,1.0,0,0.0,-1.0,-0.1451207760858447,0.11855224042976066,0.11855224042976066,0.0,-0.11855224042976066,2.371044808595213,-2.371044808595213
195,LAD-MIN-20240409-1,2024-04-09,MIN,LAD,1.0,2.6100000000000003,1.5617977528089888,0.4340390251761468,0.5659609748238532,0.1328418557097433,-0.1160834213425213,3,6,1.0,0.0,0,0.0,-1.0,0.0825104693849337,-0.20662848998968802,0.0825104693849337,0.0,-0.0825104693849337,1.6502093876986739,-1.6502093876986739
57,LAD-MIN-20240410-1,2024-04-10,MIN,LAD,1.0,2.46,1.6134969325153374,0.4613358433462335,0.5386641566537664,0.1348861746317345,-0.1308670355831866,3,2,1.0,0.0,1,2.46,1.46,0.09238779084365374,-0.2133132680005942,0.09238779084365374,0.2272739654753882,0.13488617463173447,1.8477558168730748,2.6977234926346894
58,SEA-TOR-20240410-1,2024-04-10,TOR,SEA,1.0,1.8695652173913042,2.0,0.536603528394474,0.463396471605526,0.0032152922157555,-0.073207056788948,1,6,1.0,0.0,0,0.0,-1.0,0.003697586048119023,-0.07320705678894801,0.003697586048119023,0.0,-0.003697586048119023,0.07395172096238047,-0.07395172096238047
59,HOU-KC-20240410-1,2024-04-10,KC,HOU,1.0,2.0700000000000003,1.847457627118644,0.4271458403465436,0.5728541596534564,-0.1158081104826546,0.0542442097824114,11,2,0.0,1.0,0,0.0,-1.0,-0.10823187895575194,0.0688220680445349,0.0688220680445349,0.0,-0.0688220680445349,1.376441360890698,-1.376441360890698
217,PIT-PHI-20240411-1,2024-04-11,PHI,PIT,1.0,1.7751937984496124,2.17,0.5270762520889462,0.4729237479110538,-0.0643375059816381,0.0262445329669868,5,1,0.0,1.0,0,0.0,-1.0,-0.08299538271631317,0.02243122475810829,0.02243122475810829,0.0,-0.02243122475810829,0.4486244951621658,-0.4486244951621658
216,HOU-KC-20240411-1,2024-04-11,KC,HOU,1.0,2.12,1.8064516129032258,0.64358669259606,0.3564133074039399,0.3644037883036474,-0.3561566059799795,13,3,1.0,0.0,1,2.12,1.12,0.25,-0.4416341914151746,0.25,0.53,0.28,5.0,5.6000000000000005
206,LAA-BOS-20240412-1,2024-04-12,BOS,LAA,1.0,1.9090909090909092,2.0,0.4830874425207783,0.5169125574792217,-0.0816986452983402,0.0389942405332355,0,7,0.0,1.0,1,2.0,1.0,-0.08551637070636552,0.033825114958443425,0.033825114958443425,0.06765022991688685,0.033825114958443425,0.6765022991688685,0.6765022991688685
205,KC-NYM-20240412-1,2024-04-12,NYM,KC,1.0,1.7407407407407407,2.23,0.5382947652569808,0.4617052347430191,-0.0629683715897,0.0296026734769326,6,1,0.0,1.0,0,0.0,-1.0,-0.08500730164609498,0.02406721420888836,0.02406721420888836,0.0,-0.02406721420888836,0.4813442841777672,-0.4813442841777672
204,ATL-MIA-20240412-1,2024-04-12,MIA,ATL,1.0,2.75,1.5025125628140703,0.4047453716559278,0.5952546283440722,0.1130497720538015,-0.1056224428398112,1,8,1.0,0.0,0,0.0,-1.0,0.06459986974502938,-0.2101886612512242,0.06459986974502938,0.0,-0.06459986974502938,1.2919973949005874,-1.2919973949005874
203,PIT-PHI-20240412-1,2024-04-12,PHI,PIT,1.0,1.65359477124183,2.4,0.5649197417298997,0.4350802582701003,-0.0658516689041529,0.0441926198482407,2,5,0.0,1.0,1,2.4,1.4,-0.10075305342335386,0.031566157034457594,0.031566157034457594,0.07575877688269822,0.044192619848240626,0.6313231406891519,0.8838523969648124
60,NYY-CLE-20240413-2,2024-04-13,CLE,NYY,2.0,2.1399999999999997,1.7751937984496124,0.4838544884203745,0.5161455115796255,0.0402871501038051,-0.0837416887462461,2,8,1.0,0.0,0,0.0,-1.0,0.031095267736492332,-0.10802677848265754,0.031095267736492332,0.0,-0.031095267736492332,0.6219053547298466,-0.6219053547298466
61,KC-NYM-20240413-1,2024-04-13,NYM,KC,1.0,1.6369426751592355,2.42,0.5799494796297349,0.4200505203702651,-0.0506559473576952,0.0165222592960415,7,11,0.0,1.0,1,2.42,1.42,-0.07952983735158146,0.011635393870451805,0.011635393870451805,0.02815765316649337,0.016522259296041564,0.2327078774090361,0.3304451859208313
62,PIT-PHI-20240413-1,2024-04-13,PHI,PIT,1.0,1.625,2.44,0.5566641192535767,0.4433358807464232,-0.0954208062129378,0.0817395490212727,4,3,0.0,1.0,0,0.0,-1.0,-0.1526732899407004,0.05676357570921713,0.05676357570921713,0.0,-0.05676357570921713,1.1352715141843426,-1.1352715141843426
63,ATL-MIA-20240413-1,2024-04-13,MIA,ATL,1.0,2.85,1.4651162790697674,0.4006322327692196,0.5993677672307803,0.141801863392276,-0.1218565270804846,5,1,1.0,0.0,1,2.85,1.85,0.07664965588771673,-0.261991533223042,0.07664965588771673,0.21845151927999268,0.14180186339227596,1.5329931177543346,2.8360372678455192
64,LAA-BOS-20240413-1,2024-04-13,BOS,LAA,1.0,1.9803921568627452,1.9174311926605505,0.4503701986687252,0.5496298013312748,-0.1080903908717405,0.0538773254884077,7,2,0.0,1.0,0,0.0,-1.0,-0.11025219868917507,0.05872628478236443,0.05872628478236443,0.0,-0.05872628478236443,1.1745256956472885,-1.1745256956472885
65,CHC-SEA-20240413-1,2024-04-13,SEA,CHC,1.0,2.24,1.7352941176470589,0.4521734380161944,0.5478265619838056,0.0128685011562755,-0.0493597894986901,1,4,1.0,0.0,0,0.0,-1.0,0.010377823513125465,-0.06712931371821873,0.010377823513125465,0.0,-0.010377823513125465,0.20755647026250928,-0.20755647026250928
136,LAA-BOS-20240414-1,2024-04-14,BOS,LAA,1.0,1.7692307692307692,2.19,0.481495559384915,0.5185044406150849,-0.1481232410882272,0.1355247249470359,5,4,0.0,1.0,0,0.0,-1.0,-0.19256021341469548,0.1138863234849042,0.1138863234849042,0.0,-0.1138863234849042,2.277726469698084,-2.277726469698084
137,ATL-MIA-20240414-1,2024-04-14,MIA,ATL,1.0,2.27,1.7142857142857144,0.4910309585463024,0.5089690414536976,0.1146402759001065,-0.1300600071607012,7,9,1.0,0.0,0,0.0,-1.0,0.09026793377961141,-0.17847430051112567,0.09026793377961141,0.0,-0.09026793377961141,1.8053586755922282,-1.8053586755922282
138,KC-NYM-20240414-1,2024-04-14,NYM,KC,1.0,1.970873786407767,1.9433962264150944,0.5392823751237864,0.4607176248762136,0.0578231204351196,-0.1046431063726415,2,1,1.0,0.0,1,1.970873786407767,0.970873786407767,0.06474322150128645,-0.11092169275500001,0.06474322150128645,0.12760071810447718,0.06285749660319073,1.2948644300257288,1.2571499320638146
139,NYY-CLE-20240414-1,2024-04-14,CLE,NYY,1.0,2.12,1.8130081300813008,0.4797824223231909,0.5202175776768091,0.0171387353251647,-0.0568413022607445,8,7,1.0,0.0,1,2.12,1.12,0.015302442254611378,-0.06991480178071575,0.015302442254611378,0.032441177579776125,0.017138735325164745,0.3060488450922276,0.3427747065032949
140,CIN-CHW-20240414-1,2024-04-14,CHW,CIN,1.0,2.38,1.6666666666666665,0.4738429701892488,0.5261570298107512,0.1277462690504121,-0.1230716169820815,4,11,1.0,0.0,0,0.0,-1.0,0.09256976018145804,-0.18460742547312214,0.09256976018145804,0.0,-0.09256976018145804,1.8513952036291608,-1.8513952036291608
141,STL-ARI-20240414-1,2024-04-14,ARI,STL,1.0,1.72992700729927,2.25,0.6080476636495995,0.3919523363504005,0.0486619126710484,-0.1181072432115988,5,0,1.0,0.0,1,1.72992700729927,0.7299270072992701,0.07107296284955084,-0.09448579456927911,0.07107296284955084,0.12295103792221568,0.05187807507266484,1.4214592569910167,1.0375615014532968
146,NYY-TOR-20240415-1,2024-04-15,TOR,NYY,1.0,1.9090909090909092,2.0,0.5381009765819581,0.4618990234180419,0.0228766311602988,-0.0715829629297358,3,1,1.0,0.0,1,1.9090909090909092,0.9090909090909092,0.03001205082211205,-0.0762019531639162,0.03001205082211205,0.05729573338766846,0.02728368256555641,0.6002410164422409,0.5456736513111282
147,PIT-NYM-20240415-1,2024-04-15,NYM,PIT,1.0,1.8130081300813008,2.12,0.5046197533369174,0.4953802466630825,-0.085120284600548,0.0502061229257351,6,3,0.0,1.0,0,0.0,-1.0,-0.10469795005867404,0.044826895469406255,0.044826895469406255,0.0,-0.044826895469406255,0.896537909388125,-0.896537909388125
151,CIN-SEA-20240415-1,2024-04-15,SEA,CIN,1.0,1.6944444444444444,2.31,0.5527446509951609,0.4472553490048391,-0.0634048969248662,0.0331598562011783,9,3,0.0,1.0,0,0.0,-1.0,-0.09130305157180744,0.02531286732914377,0.02531286732914377,0.0,-0.02531286732914377,0.5062573465828754,-0.5062573465828754
150,CHC-ARI-20240415-1,2024-04-15,ARI,CHC,1.0,1.6711409395973154,2.34,0.6592120647318868,0.3407879352681132,0.1016362692499315,-0.2025562314726151,2,3,1.0,0.0,0,0.0,-1.0,0.15143804118239806,-0.15116136677060835,0.15143804118239806,0.0,-0.15143804118239806,3.028760823647961,-3.028760823647961
149,ATL-HOU-20240415-1,2024-04-15,HOU,ATL,1.0,2.04,1.8620689655172413,0.5133880001571979,0.4866119998428021,0.0473115203206836,-0.0974803079838627,1,6,1.0,0.0,0,0.0,-1.0,0.045491846462195805,-0.10891808033954747,0.045491846462195805,0.0,-0.045491846462195805,0.909836929243916,-0.909836929243916
148,KC-CHW-20240415-1,2024-04-15,CHW,KC,1.0,2.48,1.6134969325153374,0.4440822467092007,0.5559177532907993,0.1013239718388178,-0.1051080068977377,0,2,1.0,0.0,0,0.0,-1.0,0.06846214313433635,-0.1679363088451979,0.06846214313433635,0.0,-0.06846214313433635,1.369242862686727,-1.369242862686727
145,CLE-BOS-20240415-1,2024-04-15,BOS,CLE,1.0,1.6493506493506493,2.3899999999999997,0.5282959484486516,0.4717040515513484,-0.1286547343768994,0.1273726832077227,0,6,0.0,1.0,1,2.3899999999999997,1.3899999999999997,-0.19812829094042497,0.09163502389044789,0.09163502389044789,0.21900770709817044,0.12737268320772255,1.8327004778089577,2.547453664154451
11,CLE-BOS-20240416-1,2024-04-16,BOS,CLE,1.0,1.8620689655172413,2.06,0.5117067655072974,0.4882932344927025,-0.0471667125036531,0.0058840630549673,7,10,0.0,1.0,1,2.06,1.06,-0.054713386504237495,0.005551002882044573,0.005551002882044573,0.01143506593701182,0.005884063054967247,0.11102005764089146,0.11768126109934493
10,NYY-TOR-20240416-1,2024-04-16,TOR,NYY,1.0,1.8620689655172413,2.0700000000000003,0.4984626624204963,0.5015373375795037,-0.0755008739722418,0.0381822887895727,5,4,0.0,1.0,0,0.0,-1.0,-0.08332064917172805,0.03568438204632966,0.03568438204632966,0.0,-0.03568438204632966,0.7136876409265932,-0.7136876409265932
9,LAA-TB-20240416-1,2024-04-16,TB,LAA,1.0,1.6993006993006992,2.31,0.5653228740867821,0.4346771259132179,-0.0393464447336501,0.0041041608595334,7,6,0.0,1.0,0,0.0,-1.0,-0.056265415969119686,0.0031329472210178295,0.0031329472210178295,0.0,-0.0031329472210178295,0.06265894442035659,-0.06265894442035659
12,PIT-NYM-20240416-1,2024-04-16,NYM,PIT,1.0,1.9345794392523366,1.9433962264150944,0.5423062952134743,0.4576937047865257,0.044441753744469,-0.1105197812639217,3,1,1.0,0.0,1,1.9345794392523366,0.9345794392523366,0.05257403109189182,-0.117150968139757,0.05257403109189182,0.10170863958898699,0.04913460849709517,1.0514806218378363,0.9826921699419033
180,CLE-BOS-20240417-1,2024-04-17,BOS,CLE,1.0,1.7692307692307692,2.1399999999999997,0.5174890894782621,0.4825109105217379,-0.0844423801538439,0.0373984576217364,2,0,0.0,1.0,0,0.0,-1.0,-0.10977509419999718,0.028573112733788552,0.028573112733788552,0.0,-0.028573112733788552,0.571462254675771,-0.571462254675771
178,WAS-LAD-20240417-1,2024-04-17,LAD,WAS,1.0,1.4484304932735426,2.94,0.6908469570431065,0.3091530429568935,0.0006437987664726,-0.0910900537067331,0,2,1.0,0.0,0,0.0,-1.0,0.001435671249233979,-0.04695363593130576,0.001435671249233979,0.0,-0.001435671249233979,0.02871342498467958,-0.02871342498467958
177,NYY-TOR-20240417-1,2024-04-17,TOR,NYY,1.0,1.8849557522123894,2.04,0.5365868294999373,0.4634131705000627,0.0072770308156718,-0.054637132179872,4,6,1.0,0.0,0,0.0,-1.0,0.012929946834866448,-0.05253570401910778,0.012929946834866448,0.0,-0.012929946834866448,0.2585989366973289,-0.2585989366973289
176,ATL-HOU-20240417-1,2024-04-17,HOU,ATL,1.0,2.19,1.7751937984496124,0.4319634432637119,0.5680365567362882,-0.054000059252471,0.0083749728109301,4,5,0.0,1.0,1,1.7751937984496124,0.7751937984496124,-0.045378201052496715,0.010803714926099876,0.010803714926099876,0.019178687737030013,0.008374972810930137,0.21607429852199753,0.16749945621860274
179,CIN-SEA-20240417-1,2024-04-17,SEA,CIN,1.0,1.78125,2.16,0.5754445971192742,0.4245554028807258,0.0250106886187072,-0.0829603297776322,5,1,1.0,0.0,1,1.78125,0.78125,0.03201368143194522,-0.0715175256703726,0.03201368143194522,0.05702437005065242,0.0250106886187072,0.6402736286389044,0.500213772374144
160,CLE-BOS-20240418-1,2024-04-18,BOS,CLE,1.0,1.970873786407767,1.9345794392523366,0.5654988002416607,0.4345011997583393,0.1145267616413312,-0.1631828745394945,4,5,1.0,0.0,0,0.0,-1.0,0.11796256449057124,-0.17058251650023754,0.11796256449057124,0.0,-0.11796256449057124,2.3592512898114246,-2.3592512898114246
0,MIA-CHC-20240419-1,2024-04-19,CHC,MIA,1.0,1.625,2.45,0.5746066825765241,0.4253933174234758,-0.0662641408131482,0.0422136276875159,8,3,0.0,1.0,0,0.0,-1.0,-0.1060226253010371,0.029112846681045374,0.029112846681045374,0.0,-0.029112846681045374,0.5822569336209075,-0.5822569336209075
4,HOU-WAS-20240419-1,2024-04-19,WAS,HOU,1.0,2.3600000000000003,1.6711409395973154,0.4441034623364316,0.5558965376635684,0.0480841711139787,-0.0710185377300099,3,5,1.0,0.0,0,0.0,-1.0,0.035356008172043214,-0.10581762121771482,0.035356008172043214,0.0,-0.035356008172043214,0.7071201634408643,-0.7071201634408643
6,OAK-CLE-20240419-1,2024-04-19,CLE,OAK,1.0,1.62111801242236,2.48,0.5889385771237495,0.4110614228762504,-0.0475190913183803,0.0194323287331011,10,2,0.0,1.0,0,0.0,-1.0,-0.07287031370701381,0.013129951846689919,0.013129951846689919,0.0,-0.013129951846689919,0.2625990369337984,-0.2625990369337984
5,TB-NYY-20240419-1,2024-04-19,NYY,TB,1.0,1.5747126436781609,2.54,0.5386415530034488,0.4613584469965511,-0.1517943360750288,0.1764640398412054,5,3,0.0,1.0,0,0.0,-1.0,-0.2641221447705501,0.1115912047865194,0.1115912047865194,0.0,-0.1115912047865194,2.231824095730388,-2.231824095730388
7,NYM-LAD-20240419-1,2024-04-19,LAD,NYM,1.0,1.5208333333333335,2.7199999999999998,0.5270941979153073,0.4729058020846927,-0.199800000056036,0.2863037816703642,4,9,0.0,1.0,1,2.7199999999999998,1.7199999999999998,-0.38088494208730245,0.16645568701765348,0.16645568701765348,0.4527594686880174,0.28630378167036397,3.3291137403530695,5.726075633407279
8,ARI-SF-20240419-1,2024-04-19,SF,ARI,1.0,1.8620689655172413,2.06,0.5100435489595551,0.4899564510404449,-0.0502637364201389,0.0093102891433165,1,17,0.0,1.0,1,2.06,1.06,-0.05830593424736103,0.008783291644638256,0.008783291644638256,0.018093580787954807,0.00931028914331655,0.1756658328927651,0.186205782866331
3,LAA-CIN-20240419-1,2024-04-19,CIN,LAA,1.0,1.7407407407407407,2.2199999999999998,0.4940587168464684,0.5059412831535315,-0.1399718632672585,0.12318964860084,7,1,0.0,1.0,0,0.0,-1.0,-0.18896201541079916,0.10097512180396717,0.10097512180396717,0.0,-0.10097512180396717,2.0195024360793434,-2.0195024360793434
2,CHW-PHI-20240419-1,2024-04-19,PHI,CHW,1.0,1.5681818181818183,2.5700000000000003,0.5285432238424137,0.4714567761575863,-0.1728447852861661,0.2116439147249968,7,0,0.0,1.0,0,0.0,-1.0,-0.30122070219493796,0.13480504122611264,0.13480504122611264,0.0,-0.13480504122611264,2.6961008245222526,-2.6961008245222526
1,BOS-PIT-20240419-1,2024-04-19,PIT,BOS,1.0,1.8849557522123894,2.02,0.4786755975368822,0.5213244024631177,-0.0977176789791511,0.0582885370001289,1,8,0.0,1.0,1,2.02,1.02,-0.11042097724644076,0.05203460095637049,0.05203460095637049,0.10510989393186838,0.053075292975497894,1.0406920191274098,1.0615058595099578
122,TB-NYY-20240420-1,2024-04-20,NYY,TB,1.0,1.8,2.12,0.5606686870107612,0.4393313129892388,0.0092036366193702,-0.0686176164628137,0,2,1.0,0.0,0,0.0,-1.0,0.011504545774212796,-0.061265728984655106,0.011504545774212796,0.0,-0.011504545774212796,0.23009091548425592,-0.23009091548425592
123,MIA-CHC-20240420-2,2024-04-20,CHC,MIA,2.0,1.7462686567164178,2.2,0.4981406122326016,0.5018593877673985,-0.1301126622206809,0.1040906530882767,5,3,0.0,1.0,0,0.0,-1.0,-0.17435096737571243,0.08674221090689718,0.08674221090689718,0.0,-0.08674221090689718,1.7348442181379435,-1.7348442181379435
125,NYM-LAD-20240420-1,2024-04-20,LAD,NYM,1.0,1.6024096385542168,2.5,0.5066044657791466,0.4933955342208533,-0.1882121211008855,0.2384227908943418,4,6,0.0,1.0,1,2.5,1.5,-0.3124321210274699,0.15565922370142218,0.15565922370142218,0.38914805925355545,0.23348883555213326,3.1131844740284436,4.669776711042665
126,LAA-CIN-20240420-1,2024-04-20,CIN,LAA,1.0,1.8849557522123894,2.02,0.4948706710491635,0.5051293289508365,-0.0671906820046742,0.0203612444806897,7,5,0.0,1.0,0,0.0,-1.0,-0.07592547066528173,0.019962004392833105,0.019962004392833105,0.0,-0.019962004392833105,0.3992400878566621,-0.3992400878566621
127,SEA-COL-20240420-1,2024-04-20,COL,SEA,1.0,2.5700000000000003,1.5617977528089888,0.4298191178022255,0.5701808821977745,0.1046351327517196,-0.1094927794888689,0,7,1.0,0.0,0,0.0,-1.0,0.06664658137052205,-0.19489714749018677,0.06664658137052205,0.0,-0.06664658137052205,1.332931627410441,-1.332931627410441
124,HOU-WAS-20240420-1,2024-04-20,WAS,HOU,1.0,2.5700000000000003,1.5847953216374269,0.4393738246567449,0.5606261753432551,0.1291907293678345,-0.1134283738757825,5,4,1.0,0.0,1,2.5700000000000003,1.5700000000000003,0.08228708876932131,-0.19070306481977872,0.08228708876932131,0.2114778181371558,0.1291907293678345,1.645741775386426,2.58381458735669
39,LAA-CIN-20240421-1,2024-04-21,CIN,LAA,1.0,1.8849557522123894,2.02,0.5813178277536777,0.4186821722463223,0.0957583832879056,-0.1500751903399658,3,0,1.0,0.0,1,1.8849557522123894,0.8849557522123894,0.1082069731153335,-0.15123726672787147,0.1082069731153335,0.20396535640323926,0.09575838328790576,2.16413946230667,1.9151676657581151
38,HOU-WAS-20240421-1,2024-04-21,WAS,HOU,1.0,2.48,1.6134969325153374,0.4849414477808927,0.5150585522191073,0.2026547904966138,-0.1689546059286795,6,0,1.0,0.0,1,2.48,1.48,0.13692891249771205,-0.2753960076637478,0.13692891249771205,0.3395837029943259,0.20265479049661383,2.738578249954241,4.053095809932277
40,OAK-CLE-20240421-1,2024-04-21,CLE,OAK,1.0,1.6134969325153374,2.49,0.5950735200358046,0.4049264799641954,-0.039850700801125,0.0082669351108466,6,2,0.0,1.0,0,0.0,-1.0,-0.06495664230583387,0.005548278597883651,0.005548278597883651,0.0,-0.005548278597883651,0.11096557195767301,-0.11096557195767301
42,MIA-CHC-20240421-1,2024-04-21,CHC,MIA,1.0,1.8130081300813008,2.08,0.580052206461869,0.419947793538131,0.0516393661869656,-0.1265085894406873,3,6,1.0,0.0,0,0.0,-1.0,0.0635164204099678,-0.11713758281545132,0.0635164204099678,0.0,-0.0635164204099678,1.270328408199356,-1.270328408199356
41,DET-MIN-20240421-1,2024-04-21,MIN,DET,1.0,1.8620689655172413,2.0700000000000003,0.5621185844649075,0.4378814155350925,0.0425618190502985,-0.0935854698423583,1,6,1.0,0.0,0,0.0,-1.0,0.05417614244420014,-0.08746305592743772,0.05417614244420014,0.0,-0.05417614244420014,1.0835228488840027,-1.0835228488840027
106,OAK-NYY-20240423-1,2024-04-23,NYY,OAK,1.0,1.4651162790697674,2.83,0.6209340515308375,0.3790659484691625,-0.0915964801678488,0.0727566341677299,4,3,0.0,1.0,0,0.0,-1.0,-0.19405773767786194,0.03975772358892345,0.03975772358892345,0.0,-0.03975772358892345,0.795154471778469,-0.795154471778469
105,LAD-WAS-20240423-1,2024-04-23,WAS,LAD,1.0,2.9,1.45662100456621,0.4516391923663408,0.5483608076336592,0.3097536578623883,-0.2023842798055865,1,4,1.0,0.0,0,0.0,-1.0,0.16302824098020438,-0.44072902364862726,0.16302824098020438,0.0,-0.16302824098020438,3.2605648196040873,-3.2605648196040873
104,PHI-CIN-20240423-1,2024-04-23,CIN,PHI,1.0,2.12,1.8,0.4293073450839793,0.5706926549160207,-0.0898684284219638,0.0272467788488373,8,1,0.0,1.0,0,0.0,-1.0,-0.08023966823389633,0.03405847356104663,0.03405847356104663,0.0,-0.03405847356104663,0.6811694712209326,-0.6811694712209326
103,BOS-CLE-20240423-1,2024-04-23,CLE,BOS,1.0,1.8333333333333335,2.04,0.4998336347405415,0.5001663652594586,-0.0836383363090073,0.0253410487818899,4,1,0.0,1.0,0,0.0,-1.0,-0.10036600357080867,0.019557101085860958,0.019557101085860958,0.0,-0.019557101085860958,0.3911420217172191,-0.3911420217172191
107,HOU-CHC-20240423-1,2024-04-23,CHC,HOU,1.0,1.9803921568627452,1.9345794392523366,0.4550438872636234,0.5449561127363766,-0.0988346546347851,0.0495451060107994,7,2,0.0,1.0,0,0.0,-1.0,-0.10081134772748065,0.058059153364299586,0.058059153364299586,0.0,-0.058059153364299586,1.1611830672859917,-1.1611830672859917
108,ARI-STL-20240423-1,2024-04-23,STL,ARI,1.0,1.72992700729927,2.23,0.4958343958078478,0.5041656041921522,-0.1422426875440881,0.1242892973484993,1,14,0.0,1.0,1,2.23,1.23,-0.1948724819354007,0.10104820922642224,0.10104820922642224,0.2253375065749216,0.12428929734849936,2.0209641845284447,2.4857859469699872
113,TOR-KC-20240424-1,2024-04-24,KC,TOR,1.0,2.17,1.7462686567164178,0.4220607967189492,0.5779392032810509,-0.0841280711198803,0.0092371161773574,3,2,0.0,1.0,0,0.0,-1.0,-0.07190433429049603,0.012377735677658912,0.012377735677658912,0.0,-0.012377735677658912,0.24755471355317824,-0.24755471355317824
112,CHW-MIN-20240424-1,2024-04-24,MIN,CHW,1.0,1.4975124378109452,2.79,0.5127506373707188,0.4872493626292812,-0.2321495430418589,0.3642982153619872,6,3,0.0,1.0,0,0.0,-1.0,-0.4666205815141365,0.20079649258977347,0.20079649258977347,0.0,-0.20079649258977347,4.01592985179547,-4.01592985179547
111,PHI-CIN-20240424-1,2024-04-24,CIN,PHI,1.0,1.6896551724137931,2.3200000000000003,0.5457300805281665,0.4542699194718335,-0.0779043466937876,0.0539062131746538,7,4,0.0,1.0,0,0.0,-1.0,-0.112961302705992,0.04083804028382865,0.04083804028382865,0.0,-0.04083804028382865,0.8167608056765729,-0.8167608056765729
110,NYM-SF-20240424-1,2024-04-24,SF,NYM,1.0,1.970873786407767,1.9174311926605505,0.4714158132348548,0.5285841867651452,-0.0752997509624001,0.0135238076505995,2,8,0.0,1.0,1,1.9174311926605505,0.9174311926605505,-0.07302589913324474,0.014740950339153474,0.014740950339153474,0.028264757989752993,0.01352380765059952,0.29481900678306944,0.27047615301199035
109,ARI-STL-20240424-1,2024-04-24,STL,ARI,1.0,1.8928571428571428,2.02,0.5668128491041686,0.4331871508958314,0.0728957500900334,-0.1249619551904206,5,1,1.0,0.0,1,1.8928571428571428,0.8928571428571428,0.08164324010083748,-0.12251172077492219,0.08164324010083748,0.15453899019087095,0.07289575009003346,1.6328648020167496,1.4579150018006692
175,LAD-WAS-20240425-1,2024-04-25,WAS,LAD,1.0,2.52,1.5917159763313609,0.4405819360649026,0.5594180639350974,0.1102664788835545,-0.1095653301861467,1,2,1.0,0.0,0,0.0,-1.0,0.07254373610760169,-0.18516540801458808,0.07254373610760169,0.0,-0.07254373610760169,1.4508747221520337,-1.4508747221520337
173,SEA-TEX-20240425-1,2024-04-25,TEX,SEA,1.0,2.04,1.8849557522123894,0.457143837898855,0.542856162101145,-0.0674265706863356,0.0190457779793423,3,4,0.0,1.0,1,1.8849557522123894,0.8849557522123894,-0.06483324104455358,0.02628362527543885,0.02628362527543885,0.04954347065193341,0.02325984537649456,0.525672505508777,0.4651969075298912
172,HOU-CHC-20240425-1,2024-04-25,CHC,HOU,1.0,2.27,1.6896551724137931,0.5285013034385233,0.4714986965614767,0.1996979588054479,-0.205556990725183,3,1,1.0,0.0,1,2.27,1.27,0.1572424872483842,-0.29482819342438205,0.1572424872483842,0.35694044605383213,0.19969795880544794,3.1448497449676838,3.993959176108959
171,TOR-KC-20240425-1,2024-04-25,KC,TOR,1.0,1.9803921568627452,1.8928571428571428,0.6032811805713274,0.3967188194286726,0.194733318386354,-0.249067948938584,2,1,1.0,0.0,1,1.9803921568627452,0.9803921568627452,0.1986279847540814,-0.27895610281121413,0.1986279847540814,0.3933613031404357,0.19473331838635433,3.9725596950816278,3.8946663677270865
170,PHI-CIN-20240425-1,2024-04-25,CIN,PHI,1.0,2.52,1.5780346820809248,0.4739941645331127,0.5260058354668873,0.1992052362687751,-0.1699445486562992,0,5,1.0,0.0,0,0.0,-1.0,0.1279376938312132,-0.2940040691753978,0.1279376938312132,0.0,-0.1279376938312132,2.5587538766242637,-2.5587538766242637
169,CHW-MIN-20240425-1,2024-04-25,MIN,CHW,1.0,1.526315789473684,2.7199999999999998,0.6133393291383114,0.3866606708616886,-0.0638504976309985,0.0517170247437932,6,3,0.0,1.0,0,0.0,-1.0,-0.12131594549889715,0.030068037641740073,0.030068037641740073,0.0,-0.030068037641740073,0.6013607528348014,-0.6013607528348014
168,BOS-CLE-20240425-1,2024-04-25,CLE,BOS,1.0,1.8064516129032258,2.1399999999999997,0.5909415396893309,0.409058460310669,0.0675072975033073,-0.1246148949351681,6,4,1.0,0.0,1,1.8064516129032258,0.8064516129032258,0.08370904890410134,-0.10931131134663899,0.08370904890410134,0.15121634640740889,0.06750729750330754,1.6741809780820267,1.3501459500661508
167,MIL-PIT-20240425-1,2024-04-25,PIT,MIL,1.0,2.25,1.72992700729927,0.5688767404810467,0.4311232595189532,0.2799726660823551,-0.2564685814093414,5,7,1.0,0.0,0,0.0,-1.0,0.22397813286588417,-0.3482378749400809,0.22397813286588417,0.0,-0.22397813286588417,4.479562657317683,-4.479562657317683
174,SD-COL-20240425-1,2024-04-25,COL,SD,1.0,2.25,1.72992700729927,0.4607041862108456,0.5392958137891544,0.041191460836511,-0.0670576068027037,10,9,1.0,0.0,1,2.25,1.25,0.029267535179522054,-0.0918689213197041,0.029267535179522054,0.06585195415392463,0.03658441897440257,0.5853507035904411,0.7316883794880514
181,CLE-ATL-20240426-1,2024-04-26,ATL,CLE,1.0,1.3846153846153846,3.22,0.7321642379777,0.2678357620223,0.0137658679691231,-0.137568846288194,6,2,1.0,0.0,1,1.3846153846153846,0.3846153846153846,0.03579125671972007,-0.06196794877846576,0.03579125671972007,0.04955712468884317,0.013765867969123102,0.7158251343944013,0.27531735938246205
182,CIN-TEX-20240426-1,2024-04-26,TEX,CIN,1.0,1.5952380952380953,2.5,0.626919704818564,0.373080295181436,8.619578199481337e-05,-0.0672992620464099,2,1,1.0,0.0,1,1.5952380952380953,0.5952380952380953,0.00014480891375165947,-0.044866174697606676,0.00014480891375165947,0.0002310046957466949,8.619578199503541e-05,0.0028961782750331895,0.0017239156399007083
183,NYY-MIL-20240426-1,2024-04-26,MIL,NYY,1.0,2.24,1.72992700729927,0.508092933304615,0.491907066695385,0.1381281706023377,-0.1490366802422902,7,6,1.0,0.0,1,2.24,1.2400000000000002,0.11139368596962718,-0.2041802519319376,0.11139368596962718,0.2495218565719649,0.13812817060233773,2.2278737193925435,2.7625634120467546
184,MIN-LAA-20240426-1,2024-04-26,LAA,MIN,1.0,1.8620689655172413,2.04,0.5415035763040034,0.4584964236959966,0.0043271457946045,-0.0646672956601668,3,5,1.0,0.0,0,0.0,-1.0,0.009647724816647293,-0.06218009198092969,0.009647724816647293,0.0,-0.009647724816647293,0.19295449633294584,-0.19295449633294584
185,ARI-SEA-20240426-1,2024-04-26,SEA,ARI,1.0,2.12,1.8130081300813008,0.4815967493235675,0.5184032506764324,0.0209851085659632,-0.0601306918630533,6,1,1.0,0.0,1,2.12,1.12,0.0187367040767529,-0.07396075099155557,0.0187367040767529,0.039721812642716146,0.020985108565963247,0.37473408153505794,0.4197021713192649
72,LAD-TOR-20240427-1,2024-04-27,TOR,LAD,1.0,2.2199999999999998,1.7407407407407407,0.4583767652043439,0.541623234795656,0.0175964187536437,-0.0571743690594136,2,4,1.0,0.0,0,0.0,-1.0,0.014423294060363514,-0.07718539823020827,0.014423294060363514,0.0,-0.014423294060363514,0.2884658812072703,-0.2884658812072703
73,CIN-TEX-20240427-1,2024-04-27,TEX,CIN,1.0,1.8849557522123894,2.02,0.5881944837379094,0.4118055162620906,0.1041545571922158,-0.1640348019879561,4,8,1.0,0.0,0,0.0,-1.0,0.12285425036174702,-0.16485574230448724,0.12285425036174702,0.0,-0.12285425036174702,2.4570850072349404,-2.4570850072349404
74,CHC-BOS-20240427-1,2024-04-27,BOS,CHC,1.0,2.0,1.9090909090909092,0.4442102925670205,0.5557897074329795,-0.111579414865959,0.061053077826597,17,0,0.0,1.0,0,0.0,-1.0,-0.11157941486595901,0.06715838560925702,0.06715838560925702,0.0,-0.06715838560925702,1.3431677121851404,-1.3431677121851404
75,HOU-COL-20240427-1,2024-04-27,COL,HOU,1.0,2.8600000000000003,1.4739336492890995,0.4056297089505445,0.5943702910494555,0.1601009675985575,-0.1252663641158956,4,12,1.0,0.0,0,0.0,-1.0,0.08607578903148247,-0.26150839483619337,0.08607578903148247,0.0,-0.08607578903148247,1.7215157806296493,-1.7215157806296493
76,KC-DET-20240427-1,2024-04-27,DET,KC,1.0,1.9433962264150944,1.970873786407767,0.4834036110309825,0.5165963889690175,-0.0648173132391271,0.018146281171947,6,5,0.0,1.0,0,0.0,-1.0,-0.06418856127617605,0.018690669607105467,0.018690669607105467,0.0,-0.018690669607105467,0.3738133921421093,-0.3738133921421093
77,TB-CHW-20240427-1,2024-04-27,CHW,TB,1.0,2.69,1.5235602094240837,0.4752314867199668,0.5247685132800333,0.2783726992767106,-0.2019145527199492,8,7,1.0,0.0,1,2.69,1.69,0.16471757353651514,-0.3829236263551035,0.16471757353651514,0.4430902728132257,0.2783726992767106,3.2943514707303025,5.567453985534212
78,CLE-ATL-20240427-1,2024-04-27,ATL,CLE,1.0,1.606060606060606,2.4699999999999998,0.5811340874191872,0.4188659125808128,-0.0666634353570631,0.0345988040746078,2,4,0.0,1.0,1,2.4699999999999998,1.4699999999999998,-0.10999466833915403,0.023536601411297677,0.023536601411297677,0.058135405485905255,0.03459880407460758,0.4707320282259535,0.6919760814921516
79,PHI-SD-20240427-1,2024-04-27,SD,PHI,1.0,1.9090909090909092,2.0,0.5014853620939798,0.4985146379060202,-0.0467260234069393,0.0020144221911005,1,5,0.0,1.0,1,2.0,1.0,-0.04688073960264238,-0.0029707241879595725,-0.0029707241879595725,-0.005941448375919145,-0.0029707241879595725,-0.05941448375919145,-0.05941448375919145
80,MIN-LAA-20240427-1,2024-04-27,LAA,MIN,1.0,1.9433962264150944,1.970873786407767,0.491937288738109,0.508062711261891,-0.0483082358057141,0.001327479477319,5,16,0.0,1.0,1,1.970873786407767,0.970873786407767,-0.04660918519949541,0.0013673038616387233,0.0013673038616387233,0.0026947833389578723,0.001327479477319149,0.027346077232774466,0.02654958954638298
81,ARI-SEA-20240427-1,2024-04-27,SEA,ARI,1.0,1.6944444444444444,2.31,0.5521036819891759,0.4478963180108241,-0.0644909832961185,0.0346404946050036,3,1,0.0,1.0,0,0.0,-1.0,-0.09286701594641075,0.02644312565267452,0.02644312565267452,0.0,-0.02644312565267452,0.5288625130534904,-0.5288625130534904
23,KC-DET-20240428-1,2024-04-28,DET,KC,1.0,1.62111801242236,2.45,0.5412976964525698,0.4587023035474302,-0.1245679230211526,0.1238206436912041,4,1,0.0,1.0,0,0.0,-1.0,-0.19721301225879306,0.08539354737324424,0.08539354737324424,0.0,-0.08539354737324424,1.7078709474648848,-1.7078709474648848
22,LAD-TOR-20240428-1,2024-04-28,TOR,LAD,1.0,1.9174311926605505,1.99009900990099,0.5969581101800826,0.4030418898199174,0.144626101170984,-0.1979067341207584,3,1,1.0,0.0,1,1.9174311926605505,0.9174311926605505,0.15764245027637264,-0.19988580146196602,0.15764245027637264,0.3022685514473567,0.14462610117098407,3.1528490055274525,2.8925220234196813
26,NYY-MIL-20240428-1,2024-04-28,MIL,NYY,1.0,2.1399999999999997,1.7936507936507935,0.4719526166700458,0.5280473833299542,0.0099785996738981,-0.0528673918050029,5,15,1.0,0.0,0,0.0,-1.0,0.008753157608682383,-0.06661291367430365,0.008753157608682383,0.0,-0.008753157608682383,0.17506315217364765,-0.17506315217364765
27,TB-CHW-20240428-1,2024-04-28,CHW,TB,1.0,2.2199999999999998,1.7575757575757576,0.4552395695325121,0.5447604304674879,0.0106318443621769,-0.0456452609103406,4,2,1.0,0.0,1,2.2199999999999998,1.2199999999999998,0.00871462652637442,-0.05615580131542807,0.00871462652637442,0.01934647088855121,0.01063184436217679,0.1742925305274884,0.2126368872435358
28,CIN-TEX-20240428-1,2024-04-28,TEX,CIN,1.0,1.78125,2.1399999999999997,0.5978940524231057,0.4021059475768943,0.0649987808786569,-0.1394932721854461,4,3,1.0,0.0,1,1.78125,0.78125,0.08319843952468098,-0.12236251946091786,0.08319843952468098,0.148197220403338,0.06499878087865701,1.6639687904936196,1.2999756175731403
24,STL-NYM-20240428-1,2024-04-28,NYM,STL,1.0,1.7575757575757576,2.19,0.6183888089979296,0.3816111910020704,0.0868651794509065,-0.1642714917054658,4,2,1.0,0.0,1,1.7575757575757576,0.7575757575757576,0.11466203687519665,-0.13804327034072755,0.11466203687519665,0.2015272163261032,0.08686517945090656,2.293240737503933,1.7373035890181312
25,WAS-MIA-20240428-1,2024-04-28,MIA,WAS,1.0,1.7692307692307692,2.2,0.6286633172134485,0.3713366827865515,0.1122504843007164,-0.1830592978695865,9,12,1.0,0.0,0,0.0,-1.0,0.14592562959093144,-0.15254941489132212,0.14592562959093144,0.0,-0.14592562959093144,2.9185125918186285,-2.9185125918186285
30,CHC-BOS-20240428-1,2024-04-28,BOS,CHC,1.0,1.6993006993006992,2.29,0.5212343940197569,0.4787656059802431,-0.1142660297426509,0.101160893754559,5,4,0.0,1.0,0,0.0,-1.0,-0.16340042253199086,0.07470793619748581,0.07470793619748581,0.0,-0.07470793619748581,1.494158723949716,-1.494158723949716
29,MIN-LAA-20240428-1,2024-04-28,LAA,MIN,1.0,1.9523809523809523,1.9523809523809523,0.5579263779628126,0.4420736220371873,0.0892848331654913,-0.1369038807845389,5,11,1.0,0.0,0,0.0,-1.0,0.09374907482376592,-0.14374907482376598,0.09374907482376592,0.0,-0.09374907482376592,1.8749814964753182,-1.8749814964753182
190,TB-MIL-20240429-1,2024-04-29,MIL,TB,1.0,1.9174311926605505,1.9523809523809523,0.5310273201135047,0.4689726798864952,0.0182083477405733,-0.0843866726025568,0,1,1.0,0.0,0,0.0,-1.0,0.019847099037224997,-0.0886060062326848,0.019847099037224997,0.0,-0.019847099037224997,0.39694198074449993,-0.39694198074449993
189,CHC-NYM-20240429-1,2024-04-29,NYM,CHC,1.0,1.6896551724137931,2.29,0.5416626423037819,0.4583373576962181,-0.0847769147280926,0.0541759227013015,1,3,0.0,1.0,1,2.29,1.29,-0.1229265263557343,0.03844383653049567,0.03844383653049567,0.08803638565483508,0.04959254912433941,0.7688767306099134,0.9918509824867883
188,KC-TOR-20240429-1,2024-04-29,TOR,KC,1.0,1.6024096385542168,2.49,0.5917565243601011,0.4082434756398989,-0.0538982514721737,0.0165262543433484,6,5,0.0,1.0,0,0.0,-1.0,-0.08592764520213118,0.011091445868019,0.011091445868019,0.0,-0.011091445868019,0.22182891736038,-0.22182891736038
186,NYY-BAL-20240429-1,2024-04-29,BAL,NYY,1.0,1.7751937984496124,2.16,0.5230867906946839,0.4769132093053161,-0.0714195731078867,0.0301325320994828,2,0,0.0,1.0,0,0.0,-1.0,-0.09213124930917385,0.025976320775416253,0.025976320775416253,0.0,-0.025976320775416253,0.519526415508325,-0.519526415508325
187,WAS-MIA-20240429-1,2024-04-29,MIA,WAS,1.0,1.7194244604316546,2.25,0.5511311268114564,0.4488688731885436,-0.0523716596551218,0.0144436534061085,2,7,0.0,1.0,1,2.25,1.25,-0.07279660692061932,0.00796397173937855,0.00796397173937855,0.017918936413601736,0.009954964674223186,0.15927943478757098,0.1990992934844637
17,NYY-BAL-20240430-1,2024-04-30,BAL,NYY,1.0,2.1100000000000003,1.8064516129032258,0.3973782169657863,0.6026217830342138,-0.1615319622021908,0.0886070919327731,4,2,0.0,1.0,0,0.0,-1.0,-0.14552429027224398,0.10987279399663873,0.10987279399663873,0.0,-0.10987279399663873,2.1974558799327744,-2.1974558799327744
19,WAS-TEX-20240430-1,2024-04-30,TEX,WAS,1.0,1.6802721088435373,2.29,0.5615249879281347,0.4384750120718653,-0.0564852243656513,0.0084925277652901,7,1,0.0,1.0,0,0.0,-1.0,-0.08303327981750741,0.0031843237554818583,0.0031843237554818583,0.0,-0.0031843237554818583,0.06368647510963717,-0.06368647510963717
20,ATL-SEA-20240430-1,2024-04-30,SEA,ATL,1.0,2.1,1.8130081300813008,0.4992693046454572,0.5007306953545427,0.0484655397554601,-0.092171178340951,3,2,1.0,0.0,1,2.1,1.1,0.0440595815958729,-0.11337054935936967,0.0440595815958729,0.09252512135133309,0.04846553975546019,0.881191631917458,0.9693107951092037
21,CIN-SD-20240430-1,2024-04-30,SD,CIN,1.0,1.6134969325153374,2.49,0.5582941000328338,0.4417058999671662,-0.0991941821556118,0.099847690918244,6,4,0.0,1.0,0,0.0,-1.0,-0.1616865169136472,0.0670118730994926,0.0670118730994926,0.0,-0.0670118730994926,1.3402374619898518,-1.3402374619898518
18,MIN-CHW-20240430-1,2024-04-30,CHW,MIN,1.0,2.5,1.5952380952380953,0.4047822563985265,0.5952177436014734,0.0160034635603015,-0.0504859804452687,5,6,1.0,0.0,0,0.0,-1.0,0.007970427330877605,-0.08481644714805102,0.007970427330877605,0.0,-0.007970427330877605,0.1594085466175521,-0.1594085466175521
43,STL-DET-20240501-1,2024-05-01,DET,STL,1.0,1.970873786407767,1.9174311926605505,0.5547952050154078,0.4452047949845922,0.0934313263895901,-0.1463504389744975,4,1,1.0,0.0,1,1.970873786407767,0.970873786407767,0.09623426618127788,-0.1595219784822023,0.09623426618127788,0.18966559257086807,0.09343132638959019,1.9246853236255574,1.8686265277918037
45,KC-TOR-20240501-1,2024-05-01,TOR,KC,1.0,1.7194244604316546,2.25,0.5464431750666149,0.4535568249333851,-0.0604322385545255,0.0205028561001164,1,6,0.0,1.0,1,2.25,1.25,-0.08400081159079047,0.01640228488009319,0.01640228488009319,0.03690514098020967,0.020502856100116484,0.32804569760186375,0.4100571220023297
46,PIT-OAK-20240501-1,2024-05-01,OAK,PIT,1.0,1.9523809523809523,1.9523809523809523,0.6295383054703799,0.3704616945296201,0.2290985963945512,-0.2767176440135989,4,0,1.0,0.0,1,1.9523809523809523,0.9523809523809523,0.24055352621427878,-0.2905535262142789,0.24055352621427878,0.46965212260883,0.2290985963945512,4.811070524285575,4.581971927891024
47,ATL-SEA-20240501-1,2024-05-01,SEA,ATL,1.0,2.59,1.5617977528089888,0.4938829268284472,0.5061170731715527,0.2791567804856782,-0.2095474924624064,2,5,1.0,0.0,0,0.0,-1.0,0.1755703021922505,-0.37299453658308324,0.1755703021922505,0.0,-0.1755703021922505,3.51140604384501,-3.51140604384501
50,LAD-ARI-20240501-1,2024-05-01,ARI,LAD,1.0,2.24,1.7407407407407407,0.4949458999411035,0.5050541000588964,0.1086788158680721,-0.1208317517493285,0,8,1.0,0.0,0,0.0,-1.0,0.08764420634521937,-0.1631228648615934,0.08764420634521937,0.0,-0.08764420634521937,1.7528841269043873,-1.7528841269043873
49,CLE-HOU-20240501-1,2024-05-01,HOU,CLE,1.0,1.5617977528089888,2.58,0.600142729995406,0.399857270004594,-0.0645820018507359,0.0316317566118526,2,3,0.0,1.0,1,2.58,1.58,-0.11160321061277124,0.02002009912142568,0.02002009912142568,0.05165185573327826,0.03163175661185258,0.4004019824285136,0.6326351322370516
48,WAS-TEX-20240501-1,2024-05-01,TEX,WAS,1.0,1.5,2.69,0.6745580529858034,0.3254419470141966,0.0118370794787051,-0.1245611625318111,0,1,1.0,0.0,0,0.0,-1.0,0.023674158957410207,-0.07370482990047998,0.023674158957410207,0.0,-0.023674158957410207,0.47348317914820415,-0.47348317914820415
44,MIN-CHW-20240501-1,2024-05-01,CHW,MIN,1.0,2.85,1.4694835680751175,0.4610470126360587,0.5389529873639414,0.3139839860127672,-0.2091998222790765,5,10,1.0,0.0,0,0.0,-1.0,0.1697210735204147,-0.4430771495508634,0.1697210735204147,0.0,-0.1697210735204147,3.394421470408294,-3.394421470408294
100,CHC-NYM-20240502-1,2024-05-02,NYM,CHC,1.0,1.8928571428571428,1.99009900990099,0.610058086565342,0.389941913434658,0.1547528067129687,-0.2239769841547895,7,6,1.0,0.0,1,1.8928571428571428,0.8928571428571428,0.173323143518525,-0.2262167539963374,0.173323143518525,0.3280759502314938,0.15475280671296876,3.4664628703705,3.095056134259375
101,WAS-TEX-20240502-1,2024-05-02,TEX,WAS,1.0,1.5524861878453038,2.65,0.6919592597720089,0.3080407402279911,0.0721566552511346,-0.1836920383958236,6,0,1.0,0.0,1,1.5524861878453038,0.5524861878453038,0.1344055199593449,-0.11132850811868097,0.1344055199593449,0.20866271330704927,0.07425719334770436,2.688110399186898,1.4851438669540873
102,CLE-HOU-20240502-1,2024-05-02,HOU,CLE,1.0,1.7462686567164178,2.2199999999999998,0.6097489855514026,0.3902510144485974,0.0647855419330462,-0.1336427479241136,8,2,1.0,0.0,1,1.7462686567164178,0.7462686567164178,0.08681262619028199,-0.10954323600337203,0.08681262619028199,0.15159816812332824,0.06478554193304625,1.7362525238056397,1.295710838660925
99,NYY-BAL-20240502-1,2024-05-02,BAL,NYY,1.0,1.9090909090909092,1.970873786407767,0.6579855833222108,0.3420144166777892,0.2561542954333112,-0.329125567285875,7,2,1.0,0.0,1,1.9090909090909092,0.9090909090909092,0.25,-0.3357107341440879,0.25,0.4772727272727273,0.2272727272727273,5.0,4.545454545454546
129,SF-PHI-20240503-1,2024-05-03,PHI,SF,1.0,1.6134969325153374,2.49,0.5595809094665548,0.4404190905334452,-0.099211218907497,0.0966435354282786,4,3,0.0,1.0,0,0.0,-1.0,-0.15830220810296086,0.06486143317334135,0.06486143317334135,0.0,-0.06486143317334135,1.2972286634668269,-1.2972286634668269
128,BAL-CIN-20240503-1,2024-05-03,CIN,BAL,1.0,1.9090909090909092,2.0,0.4645264475337898,0.5354735524662102,-0.1131767819809468,0.0709471049324204,0,3,0.0,1.0,1,2.0,1.0,-0.12449446017904138,0.0709471049324204,0.0709471049324204,0.1418942098648408,0.0709471049324204,1.418942098648408,1.418942098648408
131,DET-NYY-20240503-1,2024-05-03,NYY,DET,1.0,1.6134969325153374,2.45,0.5479059555986759,0.452094044401324,-0.1159554213346517,0.107630408783244,2,1,0.0,1.0,0,0.0,-1.0,-0.18900733677548218,0.07422786812637511,0.07422786812637511,0.0,-0.07422786812637511,1.4845573625275021,-1.4845573625275021
132,TEX-KC-20240503-1,2024-05-03,KC,TEX,1.0,1.8928571428571428,2.02,0.4798077424459757,0.5201922575540243,-0.0917924875129746,0.0507883602591291,7,1,0.0,1.0,0,0.0,-1.0,-0.1028075860145316,0.049792510057969745,0.049792510057969745,0.0,-0.049792510057969745,0.9958502011593948,-0.9958502011593948
134,SD-ARI-20240503-1,2024-05-03,ARI,SD,1.0,2.04,1.8849557522123894,0.4264653647070322,0.5735346352929678,-0.1300106559976542,0.0766351925675009,1,7,0.0,1.0,1,1.8849557522123894,0.8849557522123894,-0.12501024615159065,0.09162877317402136,0.09162877317402136,0.17271618306253586,0.0810874098885145,1.8325754634804272,1.62174819777029
135,ATL-LAD-20240503-1,2024-05-03,LAD,ATL,1.0,1.9433962264150944,1.970873786407767,0.4643074543086424,0.5356925456913576,-0.0976666454001855,0.0507815319330476,4,3,0.0,1.0,0,0.0,-1.0,-0.10352664412419668,0.057455867753455986,0.057455867753455986,0.0,-0.057455867753455986,1.1491173550691196,-1.1491173550691196
130,TOR-WAS-20240503-1,2024-05-03,WAS,TOR,1.0,2.77,1.495049504950495,0.4070653151695362,0.5929346848304637,0.1275709230196153,-0.1135332929762373,9,3,1.0,0.0,1,2.77,1.77,0.07207396780769229,-0.2293372518119994,0.07207396780769229,0.19964489082730766,0.12757092301961537,1.4414793561538457,2.5514184603923074
133,SEA-HOU-20240503-1,2024-05-03,HOU,SEA,1.0,1.8620689655172413,2.04,0.5504572523746538,0.4495427476253462,0.0249893664907345,-0.0829327948442937,5,3,1.0,0.0,1,1.8620689655172413,0.8620689655172413,0.02898766512925224,-0.07974307196566709,0.02898766512925224,0.05397703161998693,0.02498936649073469,0.5797533025850448,0.4997873298146938
207,DET-NYY-20240504-1,2024-05-04,NYY,DET,1.0,1.6134969325153374,2.4699999999999998,0.63541259809242,0.36458740190758,0.0252362779037206,-0.0994691172882773,5,3,1.0,0.0,1,1.6134969325153374,0.6134969325153374,0.04113513298306462,-0.06766606618250176,0.04113513298306462,0.06637141088678525,0.025236277903720628,0.8227026596612924,0.5047255580744126
208,CHW-STL-20240504-1,2024-05-04,STL,CHW,1.0,1.5780346820809248,2.56,0.605053552049966,0.394946447950034,-0.0452045103488976,0.0110629067520869,5,6,0.0,1.0,1,2.56,1.56,-0.07820380290359287,0.007091606892363453,0.007091606892363453,0.01815451364445044,0.011062906752086987,0.14183213784726906,0.22125813504173975
209,TOR-WAS-20240504-1,2024-05-04,WAS,TOR,1.0,2.49,1.5917159763313609,0.4035436628093687,0.5964563371906313,0.0048237203953281,-0.0506109189095869,3,6,1.0,0.0,0,0.0,-1.0,0.003237396238475295,-0.0855324529572019,0.003237396238475295,0.0,-0.003237396238475295,0.0647479247695059,-0.0647479247695059
210,SF-PHI-20240504-1,2024-05-04,PHI,SF,1.0,1.6024096385542168,2.5,0.561521545912433,0.438478454087567,-0.1002124625740532,0.1005809197597931,14,3,0.0,1.0,0,0.0,-1.0,-0.1663526878729283,0.06413075681261171,0.06413075681261171,0.0,-0.06413075681261171,1.2826151362522342,-1.2826151362522342
211,LAA-CLE-20240504-1,2024-05-04,CLE,LAA,1.0,1.7936507936507935,2.1399999999999997,0.5080342354943252,0.4919657645056747,-0.0887639903038294,0.052806736042144,7,1,0.0,1.0,0,0.0,-1.0,-0.11184262778282503,0.0463216982825822,0.0463216982825822,0.0,-0.0463216982825822,0.926433965651644,-0.926433965651644
212,BAL-CIN-20240504-1,2024-05-04,CIN,BAL,1.0,1.847457627118644,2.04,0.4590316414460273,0.5409683585539726,-0.1519584929217461,0.1089851350356437,1,2,0.0,1.0,1,2.04,1.04,-0.17931102164766044,0.09959178024048482,0.09959178024048482,0.20316723169058903,0.10357545145010422,1.9918356048096963,2.071509029002084
213,TEX-KC-20240504-1,2024-05-04,KC,TEX,1.0,1.9523809523809523,1.9523809523809523,0.5157750915290427,0.4842249084709573,0.0069894644138451,-0.0546085120328928,4,15,1.0,0.0,0,0.0,-1.0,0.007338937634537499,-0.057338937634537554,0.007338937634537499,0.0,-0.007338937634537499,0.14677875269074997,-0.14677875269074997
214,NYM-TB-20240504-1,2024-05-04,TB,NYM,1.0,1.9433962264150944,1.970873786407767,0.5360694346180844,0.4639305653819155,0.0417953163332583,-0.0899823525200886,3,1,1.0,0.0,1,1.9433962264150944,0.9433962264150944,0.044303035313253955,-0.08822095227471145,0.044303035313253955,0.0860983516465124,0.04179531633325845,0.886060706265079,0.835906326665169
215,ATL-LAD-20240504-1,2024-05-04,LAD,ATL,1.0,1.5434782608695652,2.66,0.6526310083581488,0.3473689916418512,0.0073217737701861,-0.0759984822326758,11,2,1.0,0.0,1,1.5434782608695652,0.5434782608695652,0.013472063737142551,-0.045782218212455296,0.013472063737142551,0.02079383750732872,0.0073217737701861685,0.269441274742851,0.14643547540372337
