,team code, game_date, game_number, mlb id, player name, batting order, confirmed, position, weather
0,MIN,4/2/2024,1,666397,Edouard Julien,1,Y,2B,35 O RF 15-20 95%  retractable
1,MIN,4/2/2024,1,666135,Alex Kirilloff,2,Y,DH,35 O RF 15-20 95%  retractable
2,MIN,4/2/2024,1,621439,Byron Buxton,3,Y,CF,35 O RF 15-20 95%  retractable
3,MIN,4/2/2024,1,596146,Max Kepler,4,Y,RF,35 O RF 15-20 95%  retractable
4,MIN,4/2/2024,1,621043,Carlos Correa,5,Y,SS,35 O RF 15-20 95%  retractable
5,MIN,4/2/2024,1,670242,Matt Wallner,6,Y,LF,35 O RF 15-20 95%  retractable
6,MIN,4/2/2024,1,467793,Carlos Santana,7,Y,1B,35 O RF 15-20 95%  retractable
7,MIN,4/2/2024,1,650489,Willi Castro,8,Y,3B,35 O RF 15-20 95%  retractable
8,MIN,4/2/2024,1,543877,Christian Vazquez,9,Y,C,35 O RF 15-20 95%  retractable
9,MIN,4/2/2024,1,686973,Louie Varland,SP,Y,,35 O RF 15-20 95%  retractable
10,MIL,4/2/2024,1,686217,Sal Frelick,1,Y,CF,35 O RF 15-20 95%  retractable
11,MIL,4/2/2024,1,661388,William Contreras,2,Y,C,35 O RF 15-20 95%  retractable
12,MIL,4/2/2024,1,592885,Christian Yelich,3,Y,LF,35 O RF 15-20 95%  retractable
13,MIL,4/2/2024,1,642715,Willy Adames,4,Y,SS,35 O RF 15-20 95%  retractable
14,MIL,4/2/2024,1,641343,Jake Bauers,5,Y,1B,35 O RF 15-20 95%  retractable
15,MIL,4/2/2024,1,656555,Rhys Hoskins,6,Y,DH,35 O RF 15-20 95%  retractable
16,MIL,4/2/2024,1,686554,Oliver Dunn,7,Y,3B,35 O RF 15-20 95%  retractable
17,MIL,4/2/2024,1,668930,Brice Turang,8,Y,2B,35 O RF 15-20 95%  retractable
18,MIL,4/2/2024,1,694192,Jackson Chourio,9,Y,RF,35 O RF 15-20 95%  retractable
19,MIL,4/2/2024,1,596001,Jake Junis,SP,Y,,35 O RF 15-20 95%  retractable
20,KC,4/2/2024,1,672580,Maikel Garcia,1,Y,3B,48 I RF 10-10 84% outdoor
21,KC,4/2/2024,1,677951,Bobby Witt Jr.,2,Y,SS,48 I RF 10-10 84% outdoor
22,KC,4/2/2024,1,686469,Vinnie Pasquantino,3,Y,1B,48 I RF 10-10 84% outdoor
23,KC,4/2/2024,1,521692,Salvador Perez,4,Y,DH,48 I RF 10-10 84% outdoor
24,KC,4/2/2024,1,676369,Nelson Velazquez,5,Y,LF,48 I RF 10-10 84% outdoor
25,KC,4/2/2024,1,592669,Hunter Renfroe,6,Y,RF,48 I RF 10-10 84% outdoor
26,KC,4/2/2024,1,641658,Garrett Hampson,7,Y,CF,48 I RF 10-10 84% outdoor
27,KC,4/2/2024,1,666023,Freddy Fermin,8,Y,C,48 I RF 10-10 84% outdoor
28,KC,4/2/2024,1,679845,Nick Loftin,9,Y,2B,48 I RF 10-10 84% outdoor
29,KC,4/2/2024,1,679525,Alec Marsh,SP,Y,,48 I RF 10-10 84% outdoor
30,BAL,4/2/2024,1,683002,Gunnar Henderson,1,Y,SS,48 I RF 10-10 84% outdoor
31,BAL,4/2/2024,1,668939,Adley Rutschman,2,Y,C,48 I RF 10-10 84% outdoor
32,BAL,4/2/2024,1,623993,Anthony Santander,3,Y,DH,48 I RF 10-10 84% outdoor
33,BAL,4/2/2024,1,663624,Ryan Mountcastle,4,Y,1B,48 I RF 10-10 84% outdoor
34,BAL,4/2/2024,1,656811,Ryan O'Hearn,5,Y,RF,48 I RF 10-10 84% outdoor
35,BAL,4/2/2024,1,656775,Cedric Mullins,6,Y,CF,48 I RF 10-10 84% outdoor
36,BAL,4/2/2024,1,676059,Jordan Westburg,7,Y,3B,48 I RF 10-10 84% outdoor
37,BAL,4/2/2024,1,681297,Colton Cowser,8,Y,LF,48 I RF 10-10 84% outdoor
38,BAL,4/2/2024,1,643393,Tony Kemp,9,Y,2B,48 I RF 10-10 84% outdoor
39,BAL,4/2/2024,1,608344,Cole Irvin,SP,Y,,48 I RF 10-10 84% outdoor
40,LAA,4/2/2024,1,543685,Anthony Rendon,1,Y,3B,75 I RF 9-10 0%  retractable
41,LAA,4/2/2024,1,543305,Aaron Hicks,2,Y,RF,75 I RF 9-10 0%  retractable
42,LAA,4/2/2024,1,545361,Mike Trout,3,Y,CF,75 I RF 9-10 0%  retractable
43,LAA,4/2/2024,1,621493,Taylor Ward,4,Y,LF,75 I RF 9-10 0%  retractable
44,LAA,4/2/2024,1,592273,Brandon Drury,5,Y,2B,75 I RF 9-10 0%  retractable
45,LAA,4/2/2024,1,593934,Miguel Sano,6,Y,DH,75 I RF 9-10 0%  retractable
46,LAA,4/2/2024,1,694384,Nolan Schanuel,7,Y,1B,75 I RF 9-10 0%  retractable
47,LAA,4/2/2024,1,681351,Logan O'Hoppe,8,Y,C,75 I RF 9-10 0%  retractable
48,LAA,4/2/2024,1,687263,Zach Neto,9,Y,SS,75 I RF 9-10 0%  retractable
49,LAA,4/2/2024,1,542881,Tyler Anderson,SP,Y,,75 I RF 9-10 0%  retractable
50,MIA,4/2/2024,1,650333,Luis Arraez,1,Y,2B,75 I RF 9-10 0%  retractable
51,MIA,4/2/2024,1,605137,Josh Bell,2,Y,DH,75 I RF 9-10 0%  retractable
52,MIA,4/2/2024,1,669394,Jake Burger,3,Y,1B,75 I RF 9-10 0%  retractable
53,MIA,4/2/2024,1,650559,Bryan De La Cruz,4,Y,LF,75 I RF 9-10 0%  retractable
54,MIA,4/2/2024,1,665862,Jazz Chisholm,5,Y,CF,75 I RF 9-10 0%  retractable
55,MIA,4/2/2024,1,641313,Tim Anderson,6,Y,SS,75 I RF 9-10 0%  retractable
56,MIA,4/2/2024,1,541645,Avisail Garcia,7,Y,RF,75 I RF 9-10 0%  retractable
57,MIA,4/2/2024,1,681146,Jonah Bride,8,Y,3B,75 I RF 9-10 0%  retractable
58,MIA,4/2/2024,1,663743,Nicholas Fortes,9,Y,C,75 I RF 9-10 0%  retractable
59,MIA,4/2/2024,1,666200,Jesus Luzardo,SP,Y,,75 I RF 9-10 0%  retractable
60,CIN,4/2/2024,1,663697,Jonathan India,1,Y,2B,46 N RL 15-15 95% outdoor
61,CIN,4/2/2024,1,666181,Will Benson,2,Y,CF,46 N RL 15-15 95% outdoor
62,CIN,4/2/2024,1,687952,Christian Encarnacion-Strand,3,Y,1B,46 N RL 15-15 95% outdoor
63,CIN,4/2/2024,1,600869,Jeimer Candelario,4,Y,3B,46 N RL 15-15 95% outdoor
64,CIN,4/2/2024,1,641584,Jake Fraley,5,Y,RF,46 N RL 15-15 95% outdoor
65,CIN,4/2/2024,1,682829,Elly De La Cruz,6,Y,SS,46 N RL 15-15 95% outdoor
66,CIN,4/2/2024,1,668715,Spencer Steer,7,Y,LF,46 N RL 15-15 95% outdoor
67,CIN,4/2/2024,1,605361,Nick Martini,8,Y,DH,46 N RL 15-15 95% outdoor
68,CIN,4/2/2024,1,663886,Tyler Stephenson,9,Y,C,46 N RL 15-15 95% outdoor
69,CIN,4/2/2024,1,668933,Graham Ashcraft,SP,Y,,46 N RL 15-15 95% outdoor
70,PHI,4/2/2024,1,656941,Kyle Schwarber,1,Y,DH,46 N RL 15-15 95% outdoor
71,PHI,4/2/2024,1,607208,Trea Turner,2,Y,SS,46 N RL 15-15 95% outdoor
72,PHI,4/2/2024,1,547180,Bryce Harper,3,Y,1B,46 N RL 15-15 95% outdoor
73,PHI,4/2/2024,1,664761,Alec Bohm,4,Y,3B,46 N RL 15-15 95% outdoor
74,PHI,4/2/2024,1,681082,Bryson Stott,5,Y,2B,46 N RL 15-15 95% outdoor
75,PHI,4/2/2024,1,592206,Nick Castellanos,6,Y,RF,46 N RL 15-15 95% outdoor
76,PHI,4/2/2024,1,669016,Brandon Marsh,7,Y,LF,46 N RL 15-15 95% outdoor
77,PHI,4/2/2024,1,679032,Johan Rojas,8,Y,CF,46 N RL 15-15 95% outdoor
78,PHI,4/2/2024,1,596117,Garrett Stubbs,9,Y,C,46 N RL 15-15 95% outdoor
79,PHI,4/2/2024,1,605513,Spencer Turnbull,SP,Y,,46 N RL 15-15 95% outdoor
80,TEX,4/2/2024,1,543760,Marcus Semien,1,Y,2B,dome 
81,TEX,4/2/2024,1,608369,Corey Seager,2,Y,SS,dome 
82,TEX,4/2/2024,1,694497,Evan Carter,3,Y,LF,dome 
83,TEX,4/2/2024,1,666969,Adolis Garcia,4,Y,RF,dome 
84,TEX,4/2/2024,1,694671,Wyatt Langford,5,Y,DH,dome 
85,TEX,4/2/2024,1,665120,Jared Walsh,6,Y,1B,dome 
86,TEX,4/2/2024,1,641680,Jonah Heim,7,Y,C,dome 
87,TEX,4/2/2024,1,669701,Josh Smith,8,Y,3B,dome 
88,TEX,4/2/2024,1,665750,Leody Taveras,9,Y,CF,dome 
89,TEX,4/2/2024,1,571760,Andrew Heaney,SP,Y,,dome 
90,TB,4/2/2024,1,650490,Yandy Diaz,1,Y,1B,dome 
91,TB,4/2/2024,1,623912,Harold Ramirez,2,Y,DH,dome 
92,TB,4/2/2024,1,668227,Randy Arozarena,3,Y,LF,dome 
93,TB,4/2/2024,1,670623,Isaac Paredes,4,Y,3B,dome 
94,TB,4/2/2024,1,642708,Amed Rosario,5,Y,RF,dome 
95,TB,4/2/2024,1,678554,Curtis Mead,6,Y,2B,dome 
96,TB,4/2/2024,1,642350,Jose Siri,7,Y,CF,dome 
97,TB,4/2/2024,1,676609,Jose Caballero,8,Y,SS,dome 
98,TB,4/2/2024,1,650907,Rene Pinto,9,Y,C,dome 
99,TB,4/2/2024,1,621107,Zach Eflin,SP,Y,,dome 
100,DET,4/2/2024,1,678009,Parker Meadows,1,Y,CF,44 N RL 15-18 95% outdoor
101,DET,4/2/2024,1,679529,Spencer Torkelson,2,Y,1B,44 N RL 15-18 95% outdoor
102,DET,4/2/2024,1,681481,Kerry Carpenter,3,Y,DH,44 N RL 15-18 95% outdoor
103,DET,4/2/2024,1,682985,Riley Greene,4,Y,LF,44 N RL 15-18 95% outdoor
104,DET,4/2/2024,1,663837,Matt Vierling,5,Y,RF,44 N RL 15-18 95% outdoor
105,DET,4/2/2024,1,690993,Colt Keith,6,Y,2B,44 N RL 15-18 95% outdoor
106,DET,4/2/2024,1,608348,Carson Kelly,7,Y,C,44 N RL 15-18 95% outdoor
107,DET,4/2/2024,1,570482,Giovanny Urshela,8,Y,3B,44 N RL 15-18 95% outdoor
108,DET,4/2/2024,1,656716,Zach McKinstry,9,Y,SS,44 N RL 15-18 95% outdoor
109,DET,4/2/2024,1,663554,Casey Mize,SP,Y,,44 N RL 15-18 95% outdoor
110,NYM,4/2/2024,1,607043,Brandon Nimmo,1,Y,DH,44 N RL 15-18 95% outdoor
111,NYM,4/2/2024,1,596019,Francisco Lindor,2,Y,SS,44 N RL 15-18 95% outdoor
112,NYM,4/2/2024,1,624413,Peter Alonso,3,Y,1B,44 N RL 15-18 95% outdoor
113,NYM,4/2/2024,1,682626,Francisco Alvarez,4,Y,C,44 N RL 15-18 95% outdoor
114,NYM,4/2/2024,1,683146,Brett Baty,5,Y,3B,44 N RL 15-18 95% outdoor
115,NYM,4/2/2024,1,516782,Starling Marte,6,Y,RF,44 N RL 15-18 95% outdoor
116,NYM,4/2/2024,1,643446,Jeff McNeil,7,Y,2B,44 N RL 15-18 95% outdoor
117,NYM,4/2/2024,1,621438,Tyrone Taylor,8,Y,LF,44 N RL 15-18 95% outdoor
118,NYM,4/2/2024,1,664056,Harrison Bader,9,Y,CF,44 N RL 15-18 95% outdoor
119,NYM,4/2/2024,1,605288,Adrian Houser,SP,Y,,44 N RL 15-18 95% outdoor
120,ATL,4/2/2024,1,660670,Ronald Acuna,1,Y,RF,36 O LF 15-15 84% outdoor
121,ATL,4/2/2024,1,645277,Ozzie Albies,2,Y,2B,36 O LF 15-15 84% outdoor
122,ATL,4/2/2024,1,663586,Austin Riley,3,Y,3B,36 O LF 15-15 84% outdoor
123,ATL,4/2/2024,1,621566,Matt Olson,4,Y,1B,36 O LF 15-15 84% outdoor
124,ATL,4/2/2024,1,542303,Marcell Ozuna,5,Y,DH,36 O LF 15-15 84% outdoor
125,ATL,4/2/2024,1,594807,Adam Duvall,6,Y,LF,36 O LF 15-15 84% outdoor
126,ATL,4/2/2024,1,671739,Michael Harris,7,Y,CF,36 O LF 15-15 84% outdoor
127,ATL,4/2/2024,1,606115,Orlando Arcia,8,Y,SS,36 O LF 15-15 84% outdoor
128,ATL,4/2/2024,1,644433,Chad Tromp,9,Y,C,36 O LF 15-15 84% outdoor
129,ATL,4/2/2024,1,625643,Reynaldo Lopez,SP,Y,,36 O LF 15-15 84% outdoor
130,CHW,4/2/2024,1,643217,Andrew Benintendi,1,Y,LF,36 O LF 15-15 84% outdoor
131,CHW,4/2/2024,1,660162,Yoan Moncada,2,Y,3B,36 O LF 15-15 84% outdoor
132,CHW,4/2/2024,1,673357,Luis Robert,3,Y,CF,36 O LF 15-15 84% outdoor
133,CHW,4/2/2024,1,657757,Gavin Sheets,4,Y,DH,36 O LF 15-15 84% outdoor
134,CHW,4/2/2024,1,683734,Andrew Vaughn,5,Y,1B,36 O LF 15-15 84% outdoor
135,CHW,4/2/2024,1,669699,Braden Shewmake,6,Y,SS,36 O LF 15-15 84% outdoor
136,CHW,4/2/2024,1,666150,Dominic Fletcher,7,Y,RF,36 O LF 15-15 84% outdoor
137,CHW,4/2/2024,1,670032,Nicky Lopez,8,Y,2B,36 O LF 15-15 84% outdoor
138,CHW,4/2/2024,1,455117,Martin Maldonado,9,Y,C,36 O LF 15-15 84% outdoor
139,CHW,4/2/2024,1,676979,Garrett Crochet,SP,Y,,36 O LF 15-15 84% outdoor
140,COL,4/2/2024,1,453568,Charlie Blackmon,1,Y,DH,36 O RF 15-20 85% outdoor
141,COL,4/2/2024,1,663898,Brendan Rodgers,2,Y,2B,36 O RF 15-20 85% outdoor
142,COL,4/2/2024,1,666134,Nolan Jones,3,Y,LF,36 O RF 15-20 85% outdoor
143,COL,4/2/2024,1,592178,Kris Bryant,4,Y,RF,36 O RF 15-20 85% outdoor
144,COL,4/2/2024,1,641857,Ryan McMahon,5,Y,3B,36 O RF 15-20 85% outdoor
145,COL,4/2/2024,1,553869,Elias Diaz,6,Y,C,36 O RF 15-20 85% outdoor
146,COL,4/2/2024,1,678662,Ezequiel Tovar,7,Y,SS,36 O RF 15-20 85% outdoor
147,COL,4/2/2024,1,669911,Mike Toglia,8,Y,1B,36 O RF 15-20 85% outdoor
148,COL,4/2/2024,1,686668,Brenton Doyle,9,Y,CF,36 O RF 15-20 85% outdoor
149,COL,4/2/2024,1,607536,Kyle Freeland,SP,Y,,36 O RF 15-20 85% outdoor
150,CHC,4/2/2024,1,663538,Nico Hoerner,1,Y,2B,36 O RF 15-20 85% outdoor
151,CHC,4/2/2024,1,673548,Seiya Suzuki,2,Y,RF,36 O RF 15-20 85% outdoor
152,CHC,4/2/2024,1,641355,Cody Bellinger,3,Y,CF,36 O RF 15-20 85% outdoor
153,CHC,4/2/2024,1,666624,Christopher Morel,4,Y,DH,36 O RF 15-20 85% outdoor
154,CHC,4/2/2024,1,621020,Dansby Swanson,5,Y,SS,36 O RF 15-20 85% outdoor
155,CHC,4/2/2024,1,664023,Ian Happ,6,Y,LF,36 O RF 15-20 85% outdoor
156,CHC,4/2/2024,1,643265,Garrett Cooper,7,Y,1B,36 O RF 15-20 85% outdoor
157,CHC,4/2/2024,1,663611,Nick Madrigal,8,Y,3B,36 O RF 15-20 85% outdoor
158,CHC,4/2/2024,1,665804,Miguel Amaya,9,Y,C,36 O RF 15-20 85% outdoor
159,CHC,4/2/2024,1,665871,Javier Assad,SP,Y,,36 O RF 15-20 85% outdoor
160,TOR,4/2/2024,1,543807,George Springer,1,Y,RF,62 I RF 15-15 0%  retractable
161,TOR,4/2/2024,1,665489,Vladimir Guerrero,2,Y,1B,62 I RF 15-15 0%  retractable
162,TOR,4/2/2024,1,666182,Bo Bichette,3,Y,SS,62 I RF 15-15 0%  retractable
163,TOR,4/2/2024,1,457759,Justin Turner,4,Y,DH,62 I RF 15-15 0%  retractable
164,TOR,4/2/2024,1,676914,Davis Schneider,5,Y,LF,62 I RF 15-15 0%  retractable
165,TOR,4/2/2024,1,672386,Alejandro Kirk,6,Y,C,62 I RF 15-15 0%  retractable
166,TOR,4/2/2024,1,676391,Ernie Clement,7,Y,3B,62 I RF 15-15 0%  retractable
167,TOR,4/2/2024,1,643396,Isiah Kiner-Falefa,8,Y,2B,62 I RF 15-15 0%  retractable
168,TOR,4/2/2024,1,595281,Kevin Kiermaier,9,Y,CF,62 I RF 15-15 0%  retractable
169,TOR,4/2/2024,1,621244,Jose Berrios,SP,Y,,62 I RF 15-15 0%  retractable
170,HOU,4/2/2024,1,514888,Jose Altuve,1,Y,2B,62 I RF 15-15 0%  retractable
171,HOU,4/2/2024,1,670541,Yordan Alvarez,2,Y,LF,62 I RF 15-15 0%  retractable
172,HOU,4/2/2024,1,663656,Kyle Tucker,3,Y,RF,62 I RF 15-15 0%  retractable
173,HOU,4/2/2024,1,608324,Alex Bregman,4,Y,3B,62 I RF 15-15 0%  retractable
174,HOU,4/2/2024,1,673237,Yainer Diaz,5,Y,DH,62 I RF 15-15 0%  retractable
175,HOU,4/2/2024,1,547989,Jose Abreu,6,Y,1B,62 I RF 15-15 0%  retractable
176,HOU,4/2/2024,1,676801,Chas McCormick,7,Y,CF,62 I RF 15-15 0%  retractable
177,HOU,4/2/2024,1,665161,Jeremy Pena,8,Y,SS,62 I RF 15-15 0%  retractable
178,HOU,4/2/2024,1,605170,Victor Caratini,9,Y,C,62 I RF 15-15 0%  retractable
179,HOU,4/2/2024,1,664285,Framber Valdez,SP,Y,,62 I RF 15-15 0%  retractable
180,STL,4/2/2024,1,680977,Brendan Donovan,1,Y,2B,60 N LR 5-5 0% outdoor
181,STL,4/2/2024,1,502671,Paul Goldschmidt,2,Y,1B,60 N LR 5-5 0% outdoor
182,STL,4/2/2024,1,575929,Willson Contreras,3,Y,C,60 N LR 5-5 0% outdoor
183,STL,4/2/2024,1,571448,Nolan Arenado,4,Y,3B,60 N LR 5-5 0% outdoor
184,STL,4/2/2024,1,676475,Alec Burleson,5,Y,DH,60 N LR 5-5 0% outdoor
185,STL,4/2/2024,1,691023,Jordan Walker,6,Y,RF,60 N LR 5-5 0% outdoor
186,STL,4/2/2024,1,687363,Victor Scott,7,Y,CF,60 N LR 5-5 0% outdoor
187,STL,4/2/2024,1,672279,Mike Siani,8,Y,LF,60 N LR 5-5 0% outdoor
188,STL,4/2/2024,1,691026,Masyn Winn,9,Y,SS,60 N LR 5-5 0% outdoor
189,STL,4/2/2024,1,571945,Miles Mikolas,SP,Y,,60 N LR 5-5 0% outdoor
190,SD,4/2/2024,1,593428,Xander Bogaerts,1,Y,2B,60 N LR 5-5 0% outdoor
191,SD,4/2/2024,1,665487,Fernando Tatis Jr,2,Y,RF,60 N LR 5-5 0% outdoor
192,SD,4/2/2024,1,630105,Jake Cronenworth,3,Y,1B,60 N LR 5-5 0% outdoor
193,SD,4/2/2024,1,592518,Manny Machado,4,Y,DH,60 N LR 5-5 0% outdoor
194,SD,4/2/2024,1,673490,Ha-seong Kim,5,Y,SS,60 N LR 5-5 0% outdoor
195,SD,4/2/2024,1,595777,Jurickson Profar,6,Y,LF,60 N LR 5-5 0% outdoor
196,SD,4/2/2024,1,669134,Luis Campusano,7,Y,C,60 N LR 5-5 0% outdoor
197,SD,4/2/2024,1,642180,Tyler Wade,8,Y,3B,60 N LR 5-5 0% outdoor
198,SD,4/2/2024,1,701538,Jackson Merrill,9,Y,CF,60 N LR 5-5 0% outdoor
199,SD,4/2/2024,1,506433,Yu Darvish,SP,Y,,60 N LR 5-5 0% outdoor
200,NYY,4/2/2024,1,650402,Gleyber Torres,1,Y,2B,64 N LR 0-5 0%  retractable
201,NYY,4/2/2024,1,665742,Juan Soto,2,Y,RF,64 N LR 0-5 0%  retractable
202,NYY,4/2/2024,1,592450,Aaron Judge,3,Y,CF,64 N LR 0-5 0%  retractable
203,NYY,4/2/2024,1,519203,Anthony Rizzo,4,Y,1B,64 N LR 0-5 0%  retractable
204,NYY,4/2/2024,1,519317,Giancarlo Stanton,5,Y,DH,64 N LR 0-5 0%  retractable
205,NYY,4/2/2024,1,657077,Alex Verdugo,6,Y,LF,64 N LR 0-5 0%  retractable
206,NYY,4/2/2024,1,683011,Anthony Volpe,7,Y,SS,64 N LR 0-5 0%  retractable
207,NYY,4/2/2024,1,665828,Oswaldo Cabrera,8,Y,3B,64 N LR 0-5 0%  retractable
208,NYY,4/2/2024,1,624431,Jose Trevino,9,Y,C,64 N LR 0-5 0%  retractable
209,NYY,4/2/2024,1,641482,Nestor Cortes,SP,Y,,64 N LR 0-5 0%  retractable
210,ARI,4/2/2024,1,606466,Ketel Marte,1,Y,2B,64 N LR 0-5 0%  retractable
211,ARI,4/2/2024,1,677942,Blaze Alexander,2,Y,DH,64 N LR 0-5 0%  retractable
212,ARI,4/2/2024,1,666971,Lourdes Gurriel,3,Y,LF,64 N LR 0-5 0%  retractable
213,ARI,4/2/2024,1,572233,Christian Walker,4,Y,1B,64 N LR 0-5 0%  retractable
214,ARI,4/2/2024,1,553993,Eugenio Suarez,5,Y,3B,64 N LR 0-5 0%  retractable
215,ARI,4/2/2024,1,672515,Gabriel Moreno,6,Y,C,64 N LR 0-5 0%  retractable
216,ARI,4/2/2024,1,678489,Jorge Barrosa,7,Y,CF,64 N LR 0-5 0%  retractable
217,ARI,4/2/2024,1,664983,Jake McCarthy,8,Y,RF,64 N LR 0-5 0%  retractable
218,ARI,4/2/2024,1,672695,Geraldo Perdomo,9,Y,SS,64 N LR 0-5 0%  retractable
219,ARI,4/2/2024,1,668678,Zac Gallen,SP,Y,,64 N LR 0-5 0%  retractable
220,BOS,4/2/2024,1,680776,Jarren Duran,1,Y,LF,56 O LF 6-7 1% outdoor
221,BOS,4/2/2024,1,641933,Tyler O'Neill,2,Y,RF,56 O LF 6-7 1% outdoor
222,BOS,4/2/2024,1,646240,Rafael Devers,3,Y,3B,56 O LF 6-7 1% outdoor
223,BOS,4/2/2024,1,596115,Trevor Story,4,Y,SS,56 O LF 6-7 1% outdoor
224,BOS,4/2/2024,1,622569,Pablo Reyes,5,Y,2B,56 O LF 6-7 1% outdoor
225,BOS,4/2/2024,1,671213,Triston Casas,6,Y,DH,56 O LF 6-7 1% outdoor
226,BOS,4/2/2024,1,678882,Ceddanne Rafaela,7,Y,CF,56 O LF 6-7 1% outdoor
227,BOS,4/2/2024,1,666915,Bobby Dalbec,8,Y,1B,56 O LF 6-7 1% outdoor
228,BOS,4/2/2024,1,657136,Connor Wong,9,Y,C,56 O LF 6-7 1% outdoor
229,BOS,4/2/2024,1,678394,Brayan Bello,SP,Y,,56 O LF 6-7 1% outdoor
230,OAK,4/2/2024,1,676116,Ryan Noda,1,Y,1B,56 O LF 6-7 1% outdoor
231,OAK,4/2/2024,1,680869,Zack Gelof,2,Y,2B,56 O LF 6-7 1% outdoor
232,OAK,4/2/2024,1,668709,JJ Bleday,3,Y,CF,56 O LF 6-7 1% outdoor
233,OAK,4/2/2024,1,605204,J.D. Davis,4,Y,3B,56 O LF 6-7 1% outdoor
234,OAK,4/2/2024,1,664913,Seth Brown,5,Y,LF,56 O LF 6-7 1% outdoor
235,OAK,4/2/2024,1,667670,Brent Rooker,6,Y,DH,56 O LF 6-7 1% outdoor
236,OAK,4/2/2024,1,669127,Shea Langeliers,7,Y,C,56 O LF 6-7 1% outdoor
237,OAK,4/2/2024,1,671732,Lawrence Butler,8,Y,RF,56 O LF 6-7 1% outdoor
238,OAK,4/2/2024,1,669397,Nick Allen,9,Y,SS,56 O LF 6-7 1% outdoor
239,OAK,4/2/2024,1,622072,Alex Wood,SP,Y,,56 O LF 6-7 1% outdoor
240,CLE,4/2/2024,1,680757,Steven Kwan,1,Y,LF,51 O CF 14-14 91%  retractable
241,CLE,4/2/2024,1,665926,Andres Gimenez,2,Y,2B,51 O CF 14-14 91%  retractable
242,CLE,4/2/2024,1,608070,Jose Ramirez,3,Y,3B,51 O CF 14-14 91%  retractable
243,CLE,4/2/2024,1,647304,Josh Naylor,4,Y,1B,51 O CF 14-14 91%  retractable
244,CLE,4/2/2024,1,671289,Tyler Freeman,5,Y,CF,51 O CF 14-14 91%  retractable
245,CLE,4/2/2024,1,686823,Will Brennan,6,Y,RF,51 O CF 14-14 91%  retractable
246,CLE,4/2/2024,1,666310,Bo Naylor,7,Y,DH,51 O CF 14-14 91%  retractable
247,CLE,4/2/2024,1,595978,Austin Hedges,8,Y,C,51 O CF 14-14 91%  retractable
248,CLE,4/2/2024,1,677587,Brayan Rocchio,9,Y,SS,51 O CF 14-14 91%  retractable
249,CLE,4/2/2024,1,669456,Shane Bieber,SP,Y,,51 O CF 14-14 91%  retractable
250,SEA,4/2/2024,1,641487,J.P. Crawford,1,Y,SS,51 O CF 14-14 91%  retractable
251,SEA,4/2/2024,1,677594,Julio Rodriguez,2,Y,CF,51 O CF 14-14 91%  retractable
252,SEA,4/2/2024,1,593871,Jorge Polanco,3,Y,2B,51 O CF 14-14 91%  retractable
253,SEA,4/2/2024,1,571745,Mitch Haniger,4,Y,RF,51 O CF 14-14 91%  retractable
254,SEA,4/2/2024,1,641598,Mitch Garver,5,Y,DH,51 O CF 14-14 91%  retractable
255,SEA,4/2/2024,1,663728,Cal Raleigh,6,Y,C,51 O CF 14-14 91%  retractable
256,SEA,4/2/2024,1,664034,Ty France,7,Y,1B,51 O CF 14-14 91%  retractable
257,SEA,4/2/2024,1,686527,Dominic Canzone,8,Y,LF,51 O CF 14-14 91%  retractable
258,SEA,4/2/2024,1,668942,Josh Rojas,9,Y,3B,51 O CF 14-14 91%  retractable
259,SEA,4/2/2024,1,622491,Luis Castillo,SP,Y,,51 O CF 14-14 91%  retractable
260,SF,4/2/2024,1,808982,Jung Hoo Lee,1,Y,CF,58 O RF 5-5 0% outdoor
261,SF,4/2/2024,1,656305,Matt Chapman,2,Y,3B,58 O RF 5-5 0% outdoor
262,SF,4/2/2024,1,624585,Jorge Soler,3,Y,DH,58 O RF 5-5 0% outdoor
263,SF,4/2/2024,1,624424,Michael Conforto,4,Y,LF,58 O RF 5-5 0% outdoor
264,SF,4/2/2024,1,527038,Wilmer Flores,5,Y,1B,58 O RF 5-5 0% outdoor
265,SF,4/2/2024,1,642731,Thairo Estrada,6,Y,2B,58 O RF 5-5 0% outdoor
266,SF,4/2/2024,1,573262,Mike Yastrzemski,7,Y,RF,58 O RF 5-5 0% outdoor
267,SF,4/2/2024,1,672275,Patrick Bailey,8,Y,C,58 O RF 5-5 0% outdoor
268,SF,4/2/2024,1,605113,Nick Ahmed,9,Y,SS,58 O RF 5-5 0% outdoor
269,SF,4/2/2024,1,657277,Logan Webb,SP,Y,,58 O RF 5-5 0% outdoor
270,LAD,4/2/2024,1,605141,Mookie Betts,1,Y,SS,58 O RF 5-5 0% outdoor
271,LAD,4/2/2024,1,660271,Shohei (H) Ohtani,2,Y,DH,58 O RF 5-5 0% outdoor
272,LAD,4/2/2024,1,518692,Freddie Freeman,3,Y,1B,58 O RF 5-5 0% outdoor
273,LAD,4/2/2024,1,669257,Will Smith,4,Y,C,58 O RF 5-5 0% outdoor
274,LAD,4/2/2024,1,571970,Max Muncy,5,Y,3B,58 O RF 5-5 0% outdoor
275,LAD,4/2/2024,1,606192,Teoscar Hernandez,6,Y,RF,58 O RF 5-5 0% outdoor
276,LAD,4/2/2024,1,681546,James Outman,7,Y,CF,58 O RF 5-5 0% outdoor
277,LAD,4/2/2024,1,666158,Gavin Lux,8,Y,2B,58 O RF 5-5 0% outdoor
278,LAD,4/2/2024,1,571771,Enrique Hernandez,9,Y,LF,58 O RF 5-5 0% outdoor
279,LAD,4/2/2024,1,681911,Alex Vesia,SP,Y,,58 O RF 5-5 0% outdoor
