,team code, game_date, game_number, mlb id, player name, batting order, confirmed, position, weather
0,NYY,4/29/2024,1,683011,Anthony Volpe,1,Y,SS,84 O LF 5-7 12% outdoor
1,NYY,4/29/2024,1,665742,Juan Soto,2,Y,RF,84 O LF 5-7 12% outdoor
2,NYY,4/29/2024,1,592450,Aaron Judge,3,Y,LF,84 O LF 5-7 12% outdoor
3,NYY,4/29/2024,1,519203,Anthony Rizzo,4,Y,1B,84 O LF 5-7 12% outdoor
4,NYY,4/29/2024,1,519317,Giancarlo Stanton,5,Y,DH,84 O LF 5-7 12% outdoor
5,NYY,4/29/2024,1,669224,Austin Wells,6,Y,C,84 O LF 5-7 12% outdoor
6,NYY,4/29/2024,1,650402,Gleyber Torres,7,Y,2B,84 O LF 5-7 12% outdoor
7,NYY,4/29/2024,1,665828,Oswaldo Cabrera,8,Y,3B,84 O LF 5-7 12% outdoor
8,NYY,4/29/2024,1,663757,Trent Grisham,9,Y,CF,84 O LF 5-7 12% outdoor
9,NYY,4/29/2024,1,657376,Clarke Schmidt,SP,Y,,84 O LF 5-7 12% outdoor
10,BAL,4/29/2024,1,683002,Gunnar Henderson,1,Y,SS,84 O LF 5-7 12% outdoor
11,BAL,4/29/2024,1,668939,Adley Rutschman,2,Y,C,84 O LF 5-7 12% outdoor
12,BAL,4/29/2024,1,656811,Ryan O'Hearn,3,Y,DH,84 O LF 5-7 12% outdoor
13,BAL,4/29/2024,1,623993,Anthony Santander,4,Y,RF,84 O LF 5-7 12% outdoor
14,BAL,4/29/2024,1,663624,Ryan Mountcastle,5,Y,1B,84 O LF 5-7 12% outdoor
15,BAL,4/29/2024,1,656775,Cedric Mullins,6,Y,CF,84 O LF 5-7 12% outdoor
16,BAL,4/29/2024,1,676059,Jordan Westburg,7,Y,2B,84 O LF 5-7 12% outdoor
17,BAL,4/29/2024,1,681297,Colton Cowser,8,Y,LF,84 O LF 5-7 12% outdoor
18,BAL,4/29/2024,1,602104,Ramon Urias,9,Y,3B,84 O LF 5-7 12% outdoor
19,BAL,4/29/2024,1,680570,Grayson Rodriguez,SP,Y,,84 O LF 5-7 12% outdoor
20,WAS,4/29/2024,1,682928,CJ Abrams,1,Y,SS,78 N LR 10-12 23%  retractable
21,WAS,4/29/2024,1,669222,Nick Senzel,2,Y,DH,78 N LR 10-12 23%  retractable
22,WAS,4/29/2024,1,608385,Jesse Winker,3,Y,LF,78 N LR 10-12 23%  retractable
23,WAS,4/29/2024,1,608841,Joey Meneses,4,Y,1B,78 N LR 10-12 23%  retractable
24,WAS,4/29/2024,1,545121,Ildemaro Vargas,5,Y,2B,78 N LR 10-12 23%  retractable
25,WAS,4/29/2024,1,702358,Trey Lipscomb,6,Y,3B,78 N LR 10-12 23%  retractable
26,WAS,4/29/2024,1,660688,Keibert Ruiz,7,Y,C,78 N LR 10-12 23%  retractable
27,WAS,4/29/2024,1,669743,Alex Call,8,Y,RF,78 N LR 10-12 23%  retractable
28,WAS,4/29/2024,1,696285,Jacob Young,9,Y,CF,78 N LR 10-12 23%  retractable
29,WAS,4/29/2024,1,663623,Jake Irvin,SP,Y,,78 N LR 10-12 23%  retractable
30,MIA,4/29/2024,1,650333,Luis Arraez,1,Y,2B,78 N LR 10-12 23%  retractable
31,MIA,4/29/2024,1,660821,Jesus Sanchez,2,Y,RF,78 N LR 10-12 23%  retractable
32,MIA,4/29/2024,1,665862,Jazz Chisholm,3,Y,CF,78 N LR 10-12 23%  retractable
33,MIA,4/29/2024,1,605137,Josh Bell,4,Y,1B,78 N LR 10-12 23%  retractable
34,MIA,4/29/2024,1,650559,Bryan De La Cruz,5,Y,DH,78 N LR 10-12 23%  retractable
35,MIA,4/29/2024,1,641313,Tim Anderson,6,Y,SS,78 N LR 10-12 23%  retractable
36,MIA,4/29/2024,1,624503,Nick Gordon,7,Y,LF,78 N LR 10-12 23%  retractable
37,MIA,4/29/2024,1,656896,Emmanuel Rivera,8,Y,3B,78 N LR 10-12 23%  retractable
38,MIA,4/29/2024,1,663743,Nicholas Fortes,9,Y,C,78 N LR 10-12 23%  retractable
39,MIA,4/29/2024,1,669432,Trevor Rogers,SP,Y,,78 N LR 10-12 23%  retractable
40,STL,4/29/2024,1,680977,Brendan Donovan,1,Y,LF,71 N RL 9-13 73% outdoor
41,STL,4/29/2024,1,575929,Willson Contreras,2,Y,C,71 N RL 9-13 73% outdoor
42,STL,4/29/2024,1,663457,Lars Nootbaar,3,Y,RF,71 N RL 9-13 73% outdoor
43,STL,4/29/2024,1,571448,Nolan Arenado,4,Y,3B,71 N RL 9-13 73% outdoor
44,STL,4/29/2024,1,502671,Paul Goldschmidt,5,Y,DH,71 N RL 9-13 73% outdoor
45,STL,4/29/2024,1,676475,Alec Burleson,6,Y,1B,71 N RL 9-13 73% outdoor
46,STL,4/29/2024,1,669357,Nolan Gorman,7,Y,2B,71 N RL 9-13 73% outdoor
47,STL,4/29/2024,1,691026,Masyn Winn,8,Y,SS,71 N RL 9-13 73% outdoor
48,STL,4/29/2024,1,672279,Mike Siani,9,Y,CF,71 N RL 9-13 73% outdoor
49,STL,4/29/2024,1,571927,Steven Matz,SP,Y,,71 N RL 9-13 73% outdoor
50,DET,4/29/2024,1,663837,Matt Vierling,1,N,,71 N RL 9-13 73% outdoor
51,DET,4/29/2024,1,592192,Mark Canha,2,N,,71 N RL 9-13 73% outdoor
52,DET,4/29/2024,1,679529,Spencer Torkelson,3,N,,71 N RL 9-13 73% outdoor
53,DET,4/29/2024,1,682985,Riley Greene,4,N,,71 N RL 9-13 73% outdoor
54,DET,4/29/2024,1,595879,Javier Baez,5,N,,71 N RL 9-13 73% outdoor
55,DET,4/29/2024,1,672761,Wenceel Perez,6,N,,71 N RL 9-13 73% outdoor
56,DET,4/29/2024,1,668670,Jake Rogers,7,N,,71 N RL 9-13 73% outdoor
57,DET,4/29/2024,1,678009,Parker Meadows,8,N,,71 N RL 9-13 73% outdoor
58,DET,4/29/2024,1,671083,Buddy Kennedy,9,N,,71 N RL 9-13 73% outdoor
59,DET,4/29/2024,1,628317,Kenta Maeda,SP,N,,71 N RL 9-13 73% outdoor
60,KC,4/29/2024,1,672580,Maikel Garcia,1,Y,3B,75 I LF 5-7 5% outdoor
61,KC,4/29/2024,1,677951,Bobby Witt Jr.,2,Y,SS,75 I LF 5-7 5% outdoor
62,KC,4/29/2024,1,686469,Vinnie Pasquantino,3,Y,1B,75 I LF 5-7 5% outdoor
63,KC,4/29/2024,1,521692,Salvador Perez,4,Y,C,75 I LF 5-7 5% outdoor
64,KC,4/29/2024,1,686681,Michael Massey,5,Y,2B,75 I LF 5-7 5% outdoor
65,KC,4/29/2024,1,676369,Nelson Velazquez,6,Y,DH,75 I LF 5-7 5% outdoor
66,KC,4/29/2024,1,669004,MJ Melendez,7,Y,LF,75 I LF 5-7 5% outdoor
67,KC,4/29/2024,1,592669,Hunter Renfroe,8,Y,RF,75 I LF 5-7 5% outdoor
68,KC,4/29/2024,1,664728,Kyle Isbel,9,Y,CF,75 I LF 5-7 5% outdoor
69,KC,4/29/2024,1,680742,Jonathan Bowlan,SP,Y,,75 I LF 5-7 5% outdoor
70,TOR,4/29/2024,1,543807,George Springer,1,Y,RF,75 I LF 5-7 5% outdoor
71,TOR,4/29/2024,1,665489,Vladimir Guerrero,2,Y,1B,75 I LF 5-7 5% outdoor
72,TOR,4/29/2024,1,457759,Justin Turner,3,Y,DH,75 I LF 5-7 5% outdoor
73,TOR,4/29/2024,1,662139,Daulton Varsho,4,Y,CF,75 I LF 5-7 5% outdoor
74,TOR,4/29/2024,1,643376,Danny Jansen,5,Y,C,75 I LF 5-7 5% outdoor
75,TOR,4/29/2024,1,676914,Davis Schneider,6,Y,LF,75 I LF 5-7 5% outdoor
76,TOR,4/29/2024,1,624415,Cavan Biggio,7,Y,2B,75 I LF 5-7 5% outdoor
77,TOR,4/29/2024,1,643396,Isiah Kiner-Falefa,8,Y,SS,75 I LF 5-7 5% outdoor
78,TOR,4/29/2024,1,680718,Addison Barger,9,Y,3B,75 I LF 5-7 5% outdoor
79,TOR,4/29/2024,1,684320,Yariel Rodriguez,SP,Y,,75 I LF 5-7 5% outdoor
80,CHC,4/29/2024,1,663538,Nico Hoerner,1,N,,65 N RL 9-16 24% outdoor
81,CHC,4/29/2024,1,643565,Mike Tauchman,2,N,,65 N RL 9-16 24% outdoor
82,CHC,4/29/2024,1,664023,Ian Happ,3,N,,65 N RL 9-16 24% outdoor
83,CHC,4/29/2024,1,683737,Michael Busch,4,N,,65 N RL 9-16 24% outdoor
84,CHC,4/29/2024,1,666624,Christopher Morel,5,N,,65 N RL 9-16 24% outdoor
85,CHC,4/29/2024,1,621020,Dansby Swanson,6,N,,65 N RL 9-16 24% outdoor
86,CHC,4/29/2024,1,670223,Matt Mervis,7,N,,65 N RL 9-16 24% outdoor
87,CHC,4/29/2024,1,665804,Miguel Amaya,8,N,,65 N RL 9-16 24% outdoor
88,CHC,4/29/2024,1,691718,Pete Crow-Armstrong,9,N,,65 N RL 9-16 24% outdoor
89,CHC,4/29/2024,1,592791,Jameson Taillon,SP,N,,65 N RL 9-16 24% outdoor
90,NYM,4/29/2024,1,607043,Brandon Nimmo,1,Y,LF,65 N RL 9-16 24% outdoor
91,NYM,4/29/2024,1,596019,Francisco Lindor,2,Y,SS,65 N RL 9-16 24% outdoor
92,NYM,4/29/2024,1,624413,Peter Alonso,3,Y,1B,65 N RL 9-16 24% outdoor
93,NYM,4/29/2024,1,502110,J.D. Martinez,4,Y,DH,65 N RL 9-16 24% outdoor
94,NYM,4/29/2024,1,643446,Jeff McNeil,5,Y,2B,65 N RL 9-16 24% outdoor
95,NYM,4/29/2024,1,621438,Tyrone Taylor,6,Y,RF,65 N RL 9-16 24% outdoor
96,NYM,4/29/2024,1,668901,Mark Vientos,7,Y,3B,65 N RL 9-16 24% outdoor
97,NYM,4/29/2024,1,664056,Harrison Bader,8,Y,CF,65 N RL 9-16 24% outdoor
98,NYM,4/29/2024,1,621512,Tomas Nido,9,Y,C,65 N RL 9-16 24% outdoor
99,NYM,4/29/2024,1,622663,Luis Severino,SP,Y,,65 N RL 9-16 24% outdoor
100,TB,4/29/2024,1,650490,Yandy Diaz,1,Y,DH,61 O LF 10-10 2%  retractable
101,TB,4/29/2024,1,680700,Richie Palacios,2,Y,RF,61 O LF 10-10 2%  retractable
102,TB,4/29/2024,1,668227,Randy Arozarena,3,Y,LF,61 O LF 10-10 2%  retractable
103,TB,4/29/2024,1,670623,Isaac Paredes,4,Y,3B,61 O LF 10-10 2%  retractable
104,TB,4/29/2024,1,668853,Austin Shenton,5,Y,1B,61 O LF 10-10 2%  retractable
105,TB,4/29/2024,1,676609,Jose Caballero,6,Y,SS,61 O LF 10-10 2%  retractable
106,TB,4/29/2024,1,592348,Niko Goodrum,7,Y,2B,61 O LF 10-10 2%  retractable
107,TB,4/29/2024,1,666163,Ben Rortvedt,8,Y,C,61 O LF 10-10 2%  retractable
108,TB,4/29/2024,1,642350,Jose Siri,9,Y,CF,61 O LF 10-10 2%  retractable
109,TB,4/29/2024,1,686752,Ryan Pepiot,SP,Y,,61 O LF 10-10 2%  retractable
110,MIL,4/29/2024,1,686217,Sal Frelick,1,Y,LF,61 O LF 10-10 2%  retractable
111,MIL,4/29/2024,1,661388,William Contreras,2,Y,C,61 O LF 10-10 2%  retractable
112,MIL,4/29/2024,1,642715,Willy Adames,3,Y,SS,61 O LF 10-10 2%  retractable
113,MIL,4/29/2024,1,641343,Jake Bauers,4,Y,1B,61 O LF 10-10 2%  retractable
114,MIL,4/29/2024,1,656555,Rhys Hoskins,5,Y,DH,61 O LF 10-10 2%  retractable
115,MIL,4/29/2024,1,663368,Blake Perkins,6,Y,CF,61 O LF 10-10 2%  retractable
116,MIL,4/29/2024,1,668930,Brice Turang,7,Y,2B,61 O LF 10-10 2%  retractable
117,MIL,4/29/2024,1,687401,Joey Ortiz,8,Y,3B,61 O LF 10-10 2%  retractable
118,MIL,4/29/2024,1,694192,Jackson Chourio,9,Y,RF,61 O LF 10-10 2%  retractable
119,MIL,4/29/2024,1,669060,Bryse Wilson,SP,Y,,61 O LF 10-10 2%  retractable
120,MIN,4/29/2024,1,680777,Ryan Jeffers,1,Y,DH,63 N RL 10-15 16% outdoor
121,MIN,4/29/2024,1,621043,Carlos Correa,2,Y,SS,63 N RL 10-15 16% outdoor
122,MIN,4/29/2024,1,669304,Jose Miranda,3,Y,3B,63 N RL 10-15 16% outdoor
123,MIN,4/29/2024,1,621439,Byron Buxton,4,Y,CF,63 N RL 10-15 16% outdoor
124,MIN,4/29/2024,1,622534,Manuel Margot,5,Y,RF,63 N RL 10-15 16% outdoor
125,MIN,4/29/2024,1,467793,Carlos Santana,6,Y,1B,63 N RL 10-15 16% outdoor
126,MIN,4/29/2024,1,650489,Willi Castro,7,Y,LF,63 N RL 10-15 16% outdoor
127,MIN,4/29/2024,1,543877,Christian Vazquez,8,Y,C,63 N RL 10-15 16% outdoor
128,MIN,4/29/2024,1,571657,Kyle Farmer,9,Y,2B,63 N RL 10-15 16% outdoor
129,MIN,4/29/2024,1,657746,Joe Ryan,SP,Y,,63 N RL 10-15 16% outdoor
130,CHW,4/29/2024,1,670032,Nicky Lopez,1,Y,2B,63 N RL 10-15 16% outdoor
131,CHW,4/29/2024,1,683734,Andrew Vaughn,2,Y,1B,63 N RL 10-15 16% outdoor
132,CHW,4/29/2024,1,657757,Gavin Sheets,3,Y,RF,63 N RL 10-15 16% outdoor
133,CHW,4/29/2024,1,650391,Eloy Jimenez,4,Y,DH,63 N RL 10-15 16% outdoor
134,CHW,4/29/2024,1,643217,Andrew Benintendi,5,Y,LF,63 N RL 10-15 16% outdoor
135,CHW,4/29/2024,1,664901,Danny Mendick,6,Y,3B,63 N RL 10-15 16% outdoor
136,CHW,4/29/2024,1,542364,Rafael Ortega,7,Y,CF,63 N RL 10-15 16% outdoor
137,CHW,4/29/2024,1,657557,Paul DeJong,8,Y,SS,63 N RL 10-15 16% outdoor
138,CHW,4/29/2024,1,686676,Korey Lee,9,Y,C,63 N RL 10-15 16% outdoor
139,CHW,4/29/2024,1,676979,Garrett Crochet,SP,Y,,63 N RL 10-15 16% outdoor
140,PHI,4/29/2024,1,656941,Kyle Schwarber,1,N,,70 O CF 5-10 0% outdoor
141,PHI,4/29/2024,1,607208,Trea Turner,2,N,,70 O CF 5-10 0% outdoor
142,PHI,4/29/2024,1,547180,Bryce Harper,3,N,,70 O CF 5-10 0% outdoor
143,PHI,4/29/2024,1,664761,Alec Bohm,4,N,,70 O CF 5-10 0% outdoor
144,PHI,4/29/2024,1,592663,JT Realmuto,5,N,,70 O CF 5-10 0% outdoor
145,PHI,4/29/2024,1,669016,Brandon Marsh,6,N,,70 O CF 5-10 0% outdoor
146,PHI,4/29/2024,1,592206,Nick Castellanos,7,N,,70 O CF 5-10 0% outdoor
147,PHI,4/29/2024,1,681082,Bryson Stott,8,N,,70 O CF 5-10 0% outdoor
148,PHI,4/29/2024,1,679032,Johan Rojas,9,N,,70 O CF 5-10 0% outdoor
149,PHI,4/29/2024,1,650911,Cristopher Sanchez,SP,N,,70 O CF 5-10 0% outdoor
150,LAA,4/29/2024,1,650859,Luis Rengifo,1,N,,70 O CF 5-10 0% outdoor
151,LAA,4/29/2024,1,545361,Mike Trout,2,N,,70 O CF 5-10 0% outdoor
152,LAA,4/29/2024,1,621493,Taylor Ward,3,N,,70 O CF 5-10 0% outdoor
153,LAA,4/29/2024,1,593934,Miguel Sano,4,N,,70 O CF 5-10 0% outdoor
154,LAA,4/29/2024,1,592273,Brandon Drury,5,N,,70 O CF 5-10 0% outdoor
155,LAA,4/29/2024,1,681351,Logan O'Hoppe,6,N,,70 O CF 5-10 0% outdoor
156,LAA,4/29/2024,1,501303,Ehire Adrianza,7,N,,70 O CF 5-10 0% outdoor
157,LAA,4/29/2024,1,666176,Jo Adell,8,N,,70 O CF 5-10 0% outdoor
158,LAA,4/29/2024,1,687263,Zach Neto,9,N,,70 O CF 5-10 0% outdoor
159,LAA,4/29/2024,1,656288,Griffin Canning,SP,N,,70 O CF 5-10 0% outdoor
160,CIN,4/29/2024,1,666181,Will Benson,1,N,,64 N LR 0-5 0% outdoor
161,CIN,4/29/2024,1,682829,Elly De La Cruz,2,N,,64 N LR 0-5 0% outdoor
162,CIN,4/29/2024,1,668715,Spencer Steer,3,N,,64 N LR 0-5 0% outdoor
163,CIN,4/29/2024,1,687952,Christian Encarnacion-Strand,4,N,,64 N LR 0-5 0% outdoor
164,CIN,4/29/2024,1,663886,Tyler Stephenson,5,N,,64 N LR 0-5 0% outdoor
165,CIN,4/29/2024,1,663697,Jonathan India,6,N,,64 N LR 0-5 0% outdoor
166,CIN,4/29/2024,1,600869,Jeimer Candelario,7,N,,64 N LR 0-5 0% outdoor
167,CIN,4/29/2024,1,605361,Nick Martini,8,N,,64 N LR 0-5 0% outdoor
168,CIN,4/29/2024,1,656413,Stuart Fairchild,9,N,,64 N LR 0-5 0% outdoor
169,CIN,4/29/2024,1,666157,Nick Lodolo,SP,N,,64 N LR 0-5 0% outdoor
170,SD,4/29/2024,1,593428,Xander Bogaerts,1,N,,64 N LR 0-5 0% outdoor
171,SD,4/29/2024,1,665487,Fernando Tatis Jr,2,N,,64 N LR 0-5 0% outdoor
172,SD,4/29/2024,1,630105,Jake Cronenworth,3,N,,64 N LR 0-5 0% outdoor
173,SD,4/29/2024,1,592518,Manny Machado,4,N,,64 N LR 0-5 0% outdoor
174,SD,4/29/2024,1,673490,Ha-seong Kim,5,N,,64 N LR 0-5 0% outdoor
175,SD,4/29/2024,1,595777,Jurickson Profar,6,N,,64 N LR 0-5 0% outdoor
176,SD,4/29/2024,1,669134,Luis Campusano,7,N,,64 N LR 0-5 0% outdoor
177,SD,4/29/2024,1,666703,Eguy Rosario,8,N,,64 N LR 0-5 0% outdoor
178,SD,4/29/2024,1,640492,Jose Azocar,9,N,,64 N LR 0-5 0% outdoor
179,SD,4/29/2024,1,663362,Matt Waldron,SP,N,,64 N LR 0-5 0% outdoor
180,ATL,4/29/2024,1,660670,Ronald Acuna,1,N,,48 O RF 6-7 71%  retractable
181,ATL,4/29/2024,1,671739,Michael Harris,2,N,,48 O RF 6-7 71%  retractable
182,ATL,4/29/2024,1,663586,Austin Riley,3,N,,48 O RF 6-7 71%  retractable
183,ATL,4/29/2024,1,621566,Matt Olson,4,N,,48 O RF 6-7 71%  retractable
184,ATL,4/29/2024,1,542303,Marcell Ozuna,5,N,,48 O RF 6-7 71%  retractable
185,ATL,4/29/2024,1,606115,Orlando Arcia,6,N,,48 O RF 6-7 71%  retractable
186,ATL,4/29/2024,1,518595,Travis d'Arnaud,7,N,,48 O RF 6-7 71%  retractable
187,ATL,4/29/2024,1,672284,Jarred Kelenic,8,N,,48 O RF 6-7 71%  retractable
188,ATL,4/29/2024,1,641645,Luis Guillorme,9,N,,48 O RF 6-7 71%  retractable
189,ATL,4/29/2024,1,608331,Max Fried,SP,N,,48 O RF 6-7 71%  retractable
190,SEA,4/29/2024,1,677594,Julio Rodriguez,1,N,,48 O RF 6-7 71%  retractable
191,SEA,4/29/2024,1,571745,Mitch Haniger,2,N,,48 O RF 6-7 71%  retractable
192,SEA,4/29/2024,1,663728,Cal Raleigh,3,N,,48 O RF 6-7 71%  retractable
193,SEA,4/29/2024,1,664034,Ty France,4,N,,48 O RF 6-7 71%  retractable
194,SEA,4/29/2024,1,593871,Jorge Polanco,5,N,,48 O RF 6-7 71%  retractable
195,SEA,4/29/2024,1,664238,Dylan Moore,6,N,,48 O RF 6-7 71%  retractable
196,SEA,4/29/2024,1,641598,Mitch Garver,7,N,,48 O RF 6-7 71%  retractable
197,SEA,4/29/2024,1,649966,Luis Urias,8,N,,48 O RF 6-7 71%  retractable
198,SEA,4/29/2024,1,682729,Jonatan Clase,9,N,,48 O RF 6-7 71%  retractable
199,SEA,4/29/2024,1,682243,Bryce Miller,SP,N,,48 O RF 6-7 71%  retractable
200,LAD,4/29/2024,1,605141,Mookie Betts,1,N,,85 N LR 0-5 0%  retractable
201,LAD,4/29/2024,1,660271,Shohei (H) Ohtani,2,N,,85 N LR 0-5 0%  retractable
202,LAD,4/29/2024,1,518692,Freddie Freeman,3,N,,85 N LR 0-5 0%  retractable
203,LAD,4/29/2024,1,669257,Will Smith,4,N,,85 N LR 0-5 0%  retractable
204,LAD,4/29/2024,1,606192,Teoscar Hernandez,5,N,,85 N LR 0-5 0%  retractable
205,LAD,4/29/2024,1,571970,Max Muncy,6,N,,85 N LR 0-5 0%  retractable
206,LAD,4/29/2024,1,681624,Andy Pages,7,N,,85 N LR 0-5 0%  retractable
207,LAD,4/29/2024,1,571771,Enrique Hernandez,8,N,,85 N LR 0-5 0%  retractable
208,LAD,4/29/2024,1,500743,Miguel Rojas,9,N,,85 N LR 0-5 0%  retractable
209,LAD,4/29/2024,1,572020,James Paxton,SP,N,,85 N LR 0-5 0%  retractable
210,ARI,4/29/2024,1,677942,Blaze Alexander,1,Y,DH,85 N LR 0-5 0%  retractable
211,ARI,4/29/2024,1,666971,Lourdes Gurriel,2,Y,LF,85 N LR 0-5 0%  retractable
212,ARI,4/29/2024,1,606466,Ketel Marte,3,Y,2B,85 N LR 0-5 0%  retractable
213,ARI,4/29/2024,1,572233,Christian Walker,4,Y,1B,85 N LR 0-5 0%  retractable
214,ARI,4/29/2024,1,553993,Eugenio Suarez,5,Y,3B,85 N LR 0-5 0%  retractable
215,ARI,4/29/2024,1,545341,Randal Grichuk,6,Y,RF,85 N LR 0-5 0%  retractable
216,ARI,4/29/2024,1,672515,Gabriel Moreno,7,Y,C,85 N LR 0-5 0%  retractable
217,ARI,4/29/2024,1,682998,Corbin Carroll,8,Y,CF,85 N LR 0-5 0%  retractable
218,ARI,4/29/2024,1,621028,Kevin Newman,9,Y,SS,85 N LR 0-5 0%  retractable
219,ARI,4/29/2024,1,674072,Tommy Henry,SP,Y,,85 N LR 0-5 0%  retractable
220,PIT,4/29/2024,1,457705,Andrew McCutchen,1,N,,63 O RF 7-13 0% outdoor
221,PIT,4/29/2024,1,668804,Bryan Reynolds,2,N,,63 O RF 7-13 0% outdoor
222,PIT,4/29/2024,1,663647,Ke'Bryan Hayes,3,N,,63 O RF 7-13 0% outdoor
223,PIT,4/29/2024,1,642133,Rowdy Tellez,4,N,,63 O RF 7-13 0% outdoor
224,PIT,4/29/2024,1,663698,Joey Bart,5,N,,63 O RF 7-13 0% outdoor
225,PIT,4/29/2024,1,669261,Jack Suwinski,6,N,,63 O RF 7-13 0% outdoor
226,PIT,4/29/2024,1,669707,Jared Triolo,7,N,,63 O RF 7-13 0% outdoor
227,PIT,4/29/2024,1,665833,Oneil Cruz,8,N,,63 O RF 7-13 0% outdoor
228,PIT,4/29/2024,1,572191,Michael Taylor,9,N,,63 O RF 7-13 0% outdoor
229,PIT,4/29/2024,1,663559,Bailey Falter,SP,N,,63 O RF 7-13 0% outdoor
230,OAK,4/29/2024,1,665923,Esteury Ruiz,1,N,,63 O RF 7-13 0% outdoor
231,OAK,4/29/2024,1,663527,Tyler Nevin,2,N,,63 O RF 7-13 0% outdoor
232,OAK,4/29/2024,1,667670,Brent Rooker,3,N,,63 O RF 7-13 0% outdoor
233,OAK,4/29/2024,1,669127,Shea Langeliers,4,N,,63 O RF 7-13 0% outdoor
234,OAK,4/29/2024,1,647351,Abraham Toro,5,N,,63 O RF 7-13 0% outdoor
235,OAK,4/29/2024,1,664913,Seth Brown,6,N,,63 O RF 7-13 0% outdoor
236,OAK,4/29/2024,1,676116,Ryan Noda,7,N,,63 O RF 7-13 0% outdoor
237,OAK,4/29/2024,1,680474,Max Schuemann,8,N,,63 O RF 7-13 0% outdoor
238,OAK,4/29/2024,1,669397,Nick Allen,9,N,,63 O RF 7-13 0% outdoor
239,OAK,4/29/2024,1,671212,Joe Boyle,SP,N,,63 O RF 7-13 0% outdoor
