,team code, game_date, game_number, mlb id, player name, batting order, confirmed, position, weather
0,OAK,4/22/2024,1,665923,Esteury Ruiz,1,Y,CF,57 O RF 3-7 0% outdoor
1,OAK,4/22/2024,1,663527,Tyler Nevin,2,Y,RF,57 O RF 3-7 0% outdoor
2,OAK,4/22/2024,1,667670,Brent Rooker,3,Y,DH,57 O RF 3-7 0% outdoor
3,OAK,4/22/2024,1,669127,Shea Langeliers,4,Y,C,57 O RF 3-7 0% outdoor
4,OAK,4/22/2024,1,647351,Abraham Toro,5,Y,3B,57 O RF 3-7 0% outdoor
5,OAK,4/22/2024,1,680869,Zack Gelof,6,Y,2B,57 O RF 3-7 0% outdoor
6,OAK,4/22/2024,1,676116,Ryan Noda,7,Y,1B,57 O RF 3-7 0% outdoor
7,OAK,4/22/2024,1,669397,Nick Allen,8,Y,SS,57 O RF 3-7 0% outdoor
8,OAK,4/22/2024,1,680474,Max Schuemann,9,Y,LF,57 O RF 3-7 0% outdoor
9,OAK,4/22/2024,1,676664,JP Sears,SP,Y,,57 O RF 3-7 0% outdoor
10,NYY,4/22/2024,1,683011,Anthony Volpe,1,Y,SS,57 O RF 3-7 0% outdoor
11,NYY,4/22/2024,1,665742,Juan Soto,2,Y,RF,57 O RF 3-7 0% outdoor
12,NYY,4/22/2024,1,592450,Aaron Judge,3,Y,CF,57 O RF 3-7 0% outdoor
13,NYY,4/22/2024,1,519317,Giancarlo Stanton,4,Y,DH,57 O RF 3-7 0% outdoor
14,NYY,4/22/2024,1,519203,Anthony Rizzo,5,Y,1B,57 O RF 3-7 0% outdoor
15,NYY,4/22/2024,1,650402,Gleyber Torres,6,Y,2B,57 O RF 3-7 0% outdoor
16,NYY,4/22/2024,1,657077,Alex Verdugo,7,Y,LF,57 O RF 3-7 0% outdoor
17,NYY,4/22/2024,1,624431,Jose Trevino,8,Y,C,57 O RF 3-7 0% outdoor
18,NYY,4/22/2024,1,665828,Oswaldo Cabrera,9,Y,3B,57 O RF 3-7 0% outdoor
19,NYY,4/22/2024,1,607074,Carlos Rodon,SP,Y,,57 O RF 3-7 0% outdoor
20,MIL,4/22/2024,1,686217,Sal Frelick,1,Y,LF,47 N RL 2-3 0% outdoor
21,MIL,4/22/2024,1,661388,William Contreras,2,Y,C,47 N RL 2-3 0% outdoor
22,MIL,4/22/2024,1,642715,Willy Adames,3,Y,SS,47 N RL 2-3 0% outdoor
23,MIL,4/22/2024,1,641343,Jake Bauers,4,Y,1B,47 N RL 2-3 0% outdoor
24,MIL,4/22/2024,1,656555,Rhys Hoskins,5,Y,DH,47 N RL 2-3 0% outdoor
25,MIL,4/22/2024,1,663368,Blake Perkins,6,Y,CF,47 N RL 2-3 0% outdoor
26,MIL,4/22/2024,1,668930,Brice Turang,7,Y,2B,47 N RL 2-3 0% outdoor
27,MIL,4/22/2024,1,694192,Jackson Chourio,8,Y,RF,47 N RL 2-3 0% outdoor
28,MIL,4/22/2024,1,687401,Joey Ortiz,9,Y,3B,47 N RL 2-3 0% outdoor
29,MIL,4/22/2024,1,605452,Joe Ross,SP,Y,,47 N RL 2-3 0% outdoor
30,PIT,4/22/2024,1,457705,Andrew McCutchen,1,Y,DH,47 N RL 2-3 0% outdoor
31,PIT,4/22/2024,1,668804,Bryan Reynolds,2,Y,RF,47 N RL 2-3 0% outdoor
32,PIT,4/22/2024,1,663647,Ke'Bryan Hayes,3,Y,3B,47 N RL 2-3 0% outdoor
33,PIT,4/22/2024,1,642133,Rowdy Tellez,4,Y,1B,47 N RL 2-3 0% outdoor
34,PIT,4/22/2024,1,669261,Jack Suwinski,5,Y,LF,47 N RL 2-3 0% outdoor
35,PIT,4/22/2024,1,572191,Michael Taylor,6,Y,CF,47 N RL 2-3 0% outdoor
36,PIT,4/22/2024,1,665833,Oneil Cruz,7,Y,SS,47 N RL 2-3 0% outdoor
37,PIT,4/22/2024,1,680779,Henry Davis,8,Y,C,47 N RL 2-3 0% outdoor
38,PIT,4/22/2024,1,675961,Alika Williams,9,Y,2B,47 N RL 2-3 0% outdoor
39,PIT,4/22/2024,1,683003,Jared Jones,SP,Y,,47 N RL 2-3 0% outdoor
40,PHI,4/22/2024,1,656941,Kyle Schwarber,1,Y,DH,50 N RL 3-5 0% outdoor
41,PHI,4/22/2024,1,607208,Trea Turner,2,Y,SS,50 N RL 3-5 0% outdoor
42,PHI,4/22/2024,1,592663,JT Realmuto,3,Y,C,50 N RL 3-5 0% outdoor
43,PHI,4/22/2024,1,669016,Brandon Marsh,4,Y,LF,50 N RL 3-5 0% outdoor
44,PHI,4/22/2024,1,664761,Alec Bohm,5,Y,3B,50 N RL 3-5 0% outdoor
45,PHI,4/22/2024,1,592206,Nick Castellanos,6,Y,RF,50 N RL 3-5 0% outdoor
46,PHI,4/22/2024,1,681082,Bryson Stott,7,Y,2B,50 N RL 3-5 0% outdoor
47,PHI,4/22/2024,1,665019,Kody Clemens,8,Y,1B,50 N RL 3-5 0% outdoor
48,PHI,4/22/2024,1,679032,Johan Rojas,9,Y,CF,50 N RL 3-5 0% outdoor
49,PHI,4/22/2024,1,624133,Ranger Suarez,SP,Y,,50 N RL 3-5 0% outdoor
50,CIN,4/22/2024,1,656413,Stuart Fairchild,1,Y,RF,50 N RL 3-5 0% outdoor
51,CIN,4/22/2024,1,668715,Spencer Steer,2,Y,LF,50 N RL 3-5 0% outdoor
52,CIN,4/22/2024,1,663886,Tyler Stephenson,3,Y,C,50 N RL 3-5 0% outdoor
53,CIN,4/22/2024,1,600869,Jeimer Candelario,4,Y,3B,50 N RL 3-5 0% outdoor
54,CIN,4/22/2024,1,687952,Christian Encarnacion-Strand,5,Y,1B,50 N RL 3-5 0% outdoor
55,CIN,4/22/2024,1,682829,Elly De La Cruz,6,Y,SS,50 N RL 3-5 0% outdoor
56,CIN,4/22/2024,1,669289,Santiago Espinal,7,Y,2B,50 N RL 3-5 0% outdoor
57,CIN,4/22/2024,1,605361,Nick Martini,8,Y,DH,50 N RL 3-5 0% outdoor
58,CIN,4/22/2024,1,669352,Bubba Thompson,9,Y,CF,50 N RL 3-5 0% outdoor
59,CIN,4/22/2024,1,668881,Hunter Greene,SP,Y,,50 N RL 3-5 0% outdoor
60,DET,4/22/2024,1,682985,Riley Greene,1,Y,DH,dome 
61,DET,4/22/2024,1,592192,Mark Canha,2,Y,LF,dome 
62,DET,4/22/2024,1,681481,Kerry Carpenter,3,Y,RF,dome 
63,DET,4/22/2024,1,679529,Spencer Torkelson,4,Y,1B,dome 
64,DET,4/22/2024,1,663837,Matt Vierling,5,Y,3B,dome 
65,DET,4/22/2024,1,690993,Colt Keith,6,Y,2B,dome 
66,DET,4/22/2024,1,678009,Parker Meadows,7,Y,CF,dome 
67,DET,4/22/2024,1,595879,Javier Baez,8,Y,SS,dome 
68,DET,4/22/2024,1,668670,Jake Rogers,9,Y,C,dome 
69,DET,4/22/2024,1,669373,Tarik Skubal,SP,Y,,dome 
70,TB,4/22/2024,1,642708,Amed Rosario,1,Y,RF,dome 
71,TB,4/22/2024,1,650490,Yandy Diaz,2,Y,1B,dome 
72,TB,4/22/2024,1,623912,Harold Ramirez,3,Y,DH,dome 
73,TB,4/22/2024,1,668227,Randy Arozarena,4,Y,LF,dome 
74,TB,4/22/2024,1,670623,Isaac Paredes,5,Y,3B,dome 
75,TB,4/22/2024,1,678554,Curtis Mead,6,Y,2B,dome 
76,TB,4/22/2024,1,676609,Jose Caballero,7,Y,SS,dome 
77,TB,4/22/2024,1,642350,Jose Siri,8,Y,CF,dome 
78,TB,4/22/2024,1,650907,Rene Pinto,9,Y,C,dome 
79,TB,4/22/2024,1,641793,Zack Littell,SP,Y,,dome 
80,MIA,4/22/2024,1,650333,Luis Arraez,1,Y,2B,50 O LF 0-5 0% outdoor
81,MIA,4/22/2024,1,650559,Bryan De La Cruz,2,Y,DH,50 O LF 0-5 0% outdoor
82,MIA,4/22/2024,1,665862,Jazz Chisholm,3,Y,CF,50 O LF 0-5 0% outdoor
83,MIA,4/22/2024,1,605137,Josh Bell,4,Y,1B,50 O LF 0-5 0% outdoor
84,MIA,4/22/2024,1,660821,Jesus Sanchez,5,Y,RF,50 O LF 0-5 0% outdoor
85,MIA,4/22/2024,1,641313,Tim Anderson,6,Y,SS,50 O LF 0-5 0% outdoor
86,MIA,4/22/2024,1,624503,Nick Gordon,7,Y,LF,50 O LF 0-5 0% outdoor
87,MIA,4/22/2024,1,656896,Emmanuel Rivera,8,Y,3B,50 O LF 0-5 0% outdoor
88,MIA,4/22/2024,1,663743,Nicholas Fortes,9,Y,C,50 O LF 0-5 0% outdoor
89,MIA,4/22/2024,1,677960,Ryan Weathers,SP,Y,,50 O LF 0-5 0% outdoor
90,ATL,4/22/2024,1,660670,Ronald Acuna,1,Y,RF,50 O LF 0-5 0% outdoor
91,ATL,4/22/2024,1,606115,Orlando Arcia,2,Y,SS,50 O LF 0-5 0% outdoor
92,ATL,4/22/2024,1,663586,Austin Riley,3,Y,3B,50 O LF 0-5 0% outdoor
93,ATL,4/22/2024,1,621566,Matt Olson,4,Y,1B,50 O LF 0-5 0% outdoor
94,ATL,4/22/2024,1,542303,Marcell Ozuna,5,Y,DH,50 O LF 0-5 0% outdoor
95,ATL,4/22/2024,1,518595,Travis d'Arnaud,6,Y,C,50 O LF 0-5 0% outdoor
96,ATL,4/22/2024,1,594807,Adam Duvall,7,Y,LF,50 O LF 0-5 0% outdoor
97,ATL,4/22/2024,1,671739,Michael Harris,8,Y,CF,50 O LF 0-5 0% outdoor
98,ATL,4/22/2024,1,664058,David Fletcher,9,Y,2B,50 O LF 0-5 0% outdoor
99,ATL,4/22/2024,1,693821,Bryce Elder,SP,Y,,50 O LF 0-5 0% outdoor
100,CHW,4/22/2024,1,670032,Nicky Lopez,1,Y,2B,60 O CF 10-15 1% outdoor
101,CHW,4/22/2024,1,543257,Robbie Grossman,2,Y,LF,60 O CF 10-15 1% outdoor
102,CHW,4/22/2024,1,650391,Eloy Jimenez,3,Y,DH,60 O CF 10-15 1% outdoor
103,CHW,4/22/2024,1,657757,Gavin Sheets,4,Y,RF,60 O CF 10-15 1% outdoor
104,CHW,4/22/2024,1,683734,Andrew Vaughn,5,Y,1B,60 O CF 10-15 1% outdoor
105,CHW,4/22/2024,1,657557,Paul DeJong,6,Y,SS,60 O CF 10-15 1% outdoor
106,CHW,4/22/2024,1,666150,Dominic Fletcher,7,Y,CF,60 O CF 10-15 1% outdoor
107,CHW,4/22/2024,1,664901,Danny Mendick,8,Y,3B,60 O CF 10-15 1% outdoor
108,CHW,4/22/2024,1,686676,Korey Lee,9,Y,C,60 O CF 10-15 1% outdoor
109,CHW,4/22/2024,1,686563,Jonathan Cannon,SP,Y,,60 O CF 10-15 1% outdoor
110,MIN,4/22/2024,1,666135,Alex Kirilloff,1,Y,1B,60 O CF 10-15 1% outdoor
111,MIN,4/22/2024,1,666397,Edouard Julien,2,Y,2B,60 O CF 10-15 1% outdoor
112,MIN,4/22/2024,1,663616,Trevor Larnach,3,Y,LF,60 O CF 10-15 1% outdoor
113,MIN,4/22/2024,1,680777,Ryan Jeffers,4,Y,C,60 O CF 10-15 1% outdoor
114,MIN,4/22/2024,1,596146,Max Kepler,5,Y,RF,60 O CF 10-15 1% outdoor
115,MIN,4/22/2024,1,650489,Willi Castro,6,Y,SS,60 O CF 10-15 1% outdoor
116,MIN,4/22/2024,1,467793,Carlos Santana,7,Y,DH,60 O CF 10-15 1% outdoor
117,MIN,4/22/2024,1,669304,Jose Miranda,8,Y,3B,60 O CF 10-15 1% outdoor
118,MIN,4/22/2024,1,668885,Austin Martin,9,Y,CF,60 O CF 10-15 1% outdoor
119,MIN,4/22/2024,1,663978,Chris Paddack,SP,Y,,60 O CF 10-15 1% outdoor
120,TOR,4/22/2024,1,543807,George Springer,1,Y,RF,60 O CF 15-17 17% outdoor
121,TOR,4/22/2024,1,665489,Vladimir Guerrero,2,Y,DH,60 O CF 15-17 17% outdoor
122,TOR,4/22/2024,1,666182,Bo Bichette,3,Y,SS,60 O CF 15-17 17% outdoor
123,TOR,4/22/2024,1,457759,Justin Turner,4,Y,1B,60 O CF 15-17 17% outdoor
124,TOR,4/22/2024,1,662139,Daulton Varsho,5,Y,CF,60 O CF 15-17 17% outdoor
125,TOR,4/22/2024,1,676914,Davis Schneider,6,Y,LF,60 O CF 15-17 17% outdoor
126,TOR,4/22/2024,1,643376,Danny Jansen,7,Y,C,60 O CF 15-17 17% outdoor
127,TOR,4/22/2024,1,643396,Isiah Kiner-Falefa,8,Y,3B,60 O CF 15-17 17% outdoor
128,TOR,4/22/2024,1,624415,Cavan Biggio,9,Y,2B,60 O CF 15-17 17% outdoor
129,TOR,4/22/2024,1,579328,Yusei Kikuchi,SP,Y,,60 O CF 15-17 17% outdoor
130,KC,4/22/2024,1,672580,Maikel Garcia,1,Y,3B,60 O CF 15-17 17% outdoor
131,KC,4/22/2024,1,677951,Bobby Witt Jr.,2,Y,SS,60 O CF 15-17 17% outdoor
132,KC,4/22/2024,1,686469,Vinnie Pasquantino,3,Y,1B,60 O CF 15-17 17% outdoor
133,KC,4/22/2024,1,521692,Salvador Perez,4,Y,C,60 O CF 15-17 17% outdoor
134,KC,4/22/2024,1,676369,Nelson Velazquez,5,Y,DH,60 O CF 15-17 17% outdoor
135,KC,4/22/2024,1,592669,Hunter Renfroe,6,Y,RF,60 O CF 15-17 17% outdoor
136,KC,4/22/2024,1,641658,Garrett Hampson,7,Y,CF,60 O CF 15-17 17% outdoor
137,KC,4/22/2024,1,686681,Michael Massey,8,Y,2B,60 O CF 15-17 17% outdoor
138,KC,4/22/2024,1,680118,Dairon Blanco,9,Y,LF,60 O CF 15-17 17% outdoor
139,KC,4/22/2024,1,663903,Brady Singer,SP,Y,,60 O CF 15-17 17% outdoor
140,ARI,4/22/2024,1,606466,Ketel Marte,1,Y,2B,55 N RL 10-12 3% outdoor
141,ARI,4/22/2024,1,682998,Corbin Carroll,2,Y,CF,55 N RL 10-12 3% outdoor
142,ARI,4/22/2024,1,666971,Lourdes Gurriel,3,Y,LF,55 N RL 10-12 3% outdoor
143,ARI,4/22/2024,1,572233,Christian Walker,4,Y,1B,55 N RL 10-12 3% outdoor
144,ARI,4/22/2024,1,592626,Joc Pederson,5,Y,DH,55 N RL 10-12 3% outdoor
145,ARI,4/22/2024,1,553993,Eugenio Suarez,6,Y,3B,55 N RL 10-12 3% outdoor
146,ARI,4/22/2024,1,672515,Gabriel Moreno,7,Y,C,55 N RL 10-12 3% outdoor
147,ARI,4/22/2024,1,664983,Jake McCarthy,8,Y,RF,55 N RL 10-12 3% outdoor
148,ARI,4/22/2024,1,621028,Kevin Newman,9,Y,SS,55 N RL 10-12 3% outdoor
149,ARI,4/22/2024,1,694297,Brandon Pfaadt,SP,Y,,55 N RL 10-12 3% outdoor
150,STL,4/22/2024,1,680977,Brendan Donovan,1,Y,2B,55 N RL 10-12 3% outdoor
151,STL,4/22/2024,1,575929,Willson Contreras,2,Y,DH,55 N RL 10-12 3% outdoor
152,STL,4/22/2024,1,663457,Lars Nootbaar,3,Y,RF,55 N RL 10-12 3% outdoor
153,STL,4/22/2024,1,571448,Nolan Arenado,4,Y,3B,55 N RL 10-12 3% outdoor
154,STL,4/22/2024,1,502671,Paul Goldschmidt,5,Y,1B,55 N RL 10-12 3% outdoor
155,STL,4/22/2024,1,676475,Alec Burleson,6,Y,LF,55 N RL 10-12 3% outdoor
156,STL,4/22/2024,1,671056,Ivan Herrera,7,Y,C,55 N RL 10-12 3% outdoor
157,STL,4/22/2024,1,691026,Masyn Winn,8,Y,SS,55 N RL 10-12 3% outdoor
158,STL,4/22/2024,1,672279,Mike Siani,9,Y,CF,55 N RL 10-12 3% outdoor
159,STL,4/22/2024,1,458681,Lance Lynn,SP,Y,,55 N RL 10-12 3% outdoor
160,SD,4/22/2024,1,593428,Xander Bogaerts,1,Y,2B,64 N LR 8-9 4% outdoor
161,SD,4/22/2024,1,665487,Fernando Tatis Jr,2,Y,RF,64 N LR 8-9 4% outdoor
162,SD,4/22/2024,1,630105,Jake Cronenworth,3,Y,1B,64 N LR 8-9 4% outdoor
163,SD,4/22/2024,1,595777,Jurickson Profar,4,Y,DH,64 N LR 8-9 4% outdoor
164,SD,4/22/2024,1,673490,Ha-seong Kim,5,Y,SS,64 N LR 8-9 4% outdoor
165,SD,4/22/2024,1,669134,Luis Campusano,6,Y,C,64 N LR 8-9 4% outdoor
166,SD,4/22/2024,1,666703,Eguy Rosario,7,Y,3B,64 N LR 8-9 4% outdoor
167,SD,4/22/2024,1,701538,Jackson Merrill,8,Y,CF,64 N LR 8-9 4% outdoor
168,SD,4/22/2024,1,640492,Jose Azocar,9,Y,LF,64 N LR 8-9 4% outdoor
169,SD,4/22/2024,1,656302,Dylan Cease,SP,Y,,64 N LR 8-9 4% outdoor
170,COL,4/22/2024,1,453568,Charlie Blackmon,1,Y,DH,64 N LR 8-9 4% outdoor
171,COL,4/22/2024,1,678662,Ezequiel Tovar,2,Y,SS,64 N LR 8-9 4% outdoor
172,COL,4/22/2024,1,641857,Ryan McMahon,3,Y,3B,64 N LR 8-9 4% outdoor
173,COL,4/22/2024,1,553869,Elias Diaz,4,Y,C,64 N LR 8-9 4% outdoor
174,COL,4/22/2024,1,660707,Elehuris Montero,5,Y,1B,64 N LR 8-9 4% outdoor
175,COL,4/22/2024,1,666134,Nolan Jones,6,Y,LF,64 N LR 8-9 4% outdoor
176,COL,4/22/2024,1,686668,Brenton Doyle,7,Y,CF,64 N LR 8-9 4% outdoor
177,COL,4/22/2024,1,663898,Brendan Rodgers,8,Y,2B,64 N LR 8-9 4% outdoor
178,COL,4/22/2024,1,656248,Sean Bouchard,9,Y,RF,64 N LR 8-9 4% outdoor
179,COL,4/22/2024,1,596295,Austin Gomber,SP,Y,,64 N LR 8-9 4% outdoor
180,BAL,4/22/2024,1,683002,Gunnar Henderson,1,Y,SS,62 O LF 5-10 14% outdoor
181,BAL,4/22/2024,1,668939,Adley Rutschman,2,Y,DH,62 O LF 5-10 14% outdoor
182,BAL,4/22/2024,1,676059,Jordan Westburg,3,Y,3B,62 O LF 5-10 14% outdoor
183,BAL,4/22/2024,1,623993,Anthony Santander,4,Y,RF,62 O LF 5-10 14% outdoor
184,BAL,4/22/2024,1,602104,Ramon Urias,5,Y,1B,62 O LF 5-10 14% outdoor
185,BAL,4/22/2024,1,656775,Cedric Mullins,6,Y,CF,62 O LF 5-10 14% outdoor
186,BAL,4/22/2024,1,543510,James McCann,7,Y,C,62 O LF 5-10 14% outdoor
187,BAL,4/22/2024,1,681297,Colton Cowser,8,Y,LF,62 O LF 5-10 14% outdoor
188,BAL,4/22/2024,1,622761,Jorge Mateo,9,Y,2B,62 O LF 5-10 14% outdoor
189,BAL,4/22/2024,1,544150,Albert Suarez,SP,Y,,62 O LF 5-10 14% outdoor
190,LAA,4/22/2024,1,694384,Nolan Schanuel,1,Y,1B,62 O LF 5-10 14% outdoor
191,LAA,4/22/2024,1,545361,Mike Trout,2,Y,CF,62 O LF 5-10 14% outdoor
192,LAA,4/22/2024,1,621493,Taylor Ward,3,Y,LF,62 O LF 5-10 14% outdoor
193,LAA,4/22/2024,1,593934,Miguel Sano,4,Y,3B,62 O LF 5-10 14% outdoor
194,LAA,4/22/2024,1,666160,Mickey Moniak,5,Y,DH,62 O LF 5-10 14% outdoor
195,LAA,4/22/2024,1,666176,Jo Adell,6,Y,RF,62 O LF 5-10 14% outdoor
196,LAA,4/22/2024,1,681351,Logan O'Hoppe,7,Y,C,62 O LF 5-10 14% outdoor
197,LAA,4/22/2024,1,501303,Ehire Adrianza,8,Y,2B,62 O LF 5-10 14% outdoor
198,LAA,4/22/2024,1,687263,Zach Neto,9,Y,SS,62 O LF 5-10 14% outdoor
199,LAA,4/22/2024,1,672282,Reid Detmers,SP,Y,,62 O LF 5-10 14% outdoor
200,NYM,4/22/2024,1,607043,Brandon Nimmo,1,Y,LF,56 O CF 6-8 1% outdoor
201,NYM,4/22/2024,1,516782,Starling Marte,2,Y,RF,56 O CF 6-8 1% outdoor
202,NYM,4/22/2024,1,596019,Francisco Lindor,3,Y,SS,56 O CF 6-8 1% outdoor
203,NYM,4/22/2024,1,624413,Peter Alonso,4,Y,1B,56 O CF 6-8 1% outdoor
204,NYM,4/22/2024,1,683146,Brett Baty,5,Y,3B,56 O CF 6-8 1% outdoor
205,NYM,4/22/2024,1,621466,DJ Stewart,6,Y,DH,56 O CF 6-8 1% outdoor
206,NYM,4/22/2024,1,643446,Jeff McNeil,7,Y,2B,56 O CF 6-8 1% outdoor
207,NYM,4/22/2024,1,664056,Harrison Bader,8,Y,CF,56 O CF 6-8 1% outdoor
208,NYM,4/22/2024,1,553882,Omar Narvaez,9,Y,C,56 O CF 6-8 1% outdoor
209,NYM,4/22/2024,1,500779,Jose Quintana,SP,Y,,56 O CF 6-8 1% outdoor
210,SF,4/22/2024,1,596103,Austin Slater,1,Y,RF,56 O CF 6-8 1% outdoor
211,SF,4/22/2024,1,527038,Wilmer Flores,2,Y,1B,56 O CF 6-8 1% outdoor
212,SF,4/22/2024,1,808982,Jung Hoo Lee,3,Y,CF,56 O CF 6-8 1% outdoor
213,SF,4/22/2024,1,624585,Jorge Soler,4,Y,DH,56 O CF 6-8 1% outdoor
214,SF,4/22/2024,1,656305,Matt Chapman,5,Y,3B,56 O CF 6-8 1% outdoor
215,SF,4/22/2024,1,624424,Michael Conforto,6,Y,LF,56 O CF 6-8 1% outdoor
216,SF,4/22/2024,1,642731,Thairo Estrada,7,Y,2B,56 O CF 6-8 1% outdoor
217,SF,4/22/2024,1,608596,Tom Murphy,8,Y,C,56 O CF 6-8 1% outdoor
218,SF,4/22/2024,1,605113,Nick Ahmed,9,Y,SS,56 O CF 6-8 1% outdoor
219,SF,4/22/2024,1,676775,Keaton Winn,SP,Y,,56 O CF 6-8 1% outdoor
